{
    "FaceDetail": {
        "BoundingBox": {
            "Width": 0.47103962302207947,
            "Height": 0.478452205657959,
            "Left": 0.2443583458662033,
            "Top": 0.18692252039909363
        },
        "AgeRange": {
            "Low": 22,
            "High": 34
        },
        "Smile": {
            "Value": false,
            "Confidence": 96.66132354736328
        },
        "Eyeglasses": {
            "Value": false,
            "Confidence": 99.31539916992188
        },
        "Sunglasses": {
            "Value": false,
            "Confidence": 99.5550537109375
        },
        "Gender": {
            "Value": "Male",
            "Confidence": 99.55846405029297
        },
        "Beard": {
            "Value": false,
            "Confidence": 67.33525085449219
        },
        "Mustache": {
            "Value": false,
            "Confidence": 97.73942565917969
        },
        "EyesOpen": {
            "Value": true,
            "Confidence": 99.7334976196289
        },
        "MouthOpen": {
            "Value": false,
            "Confidence": 94.89494323730469
        },
        "Emotions": [
            {
                "Type": "CALM",
                "Confidence": 81.2593765258789
            },
            {
                "Type": "ANGRY",
                "Confidence": 5.96099853515625
            },
            {
                "Type": "DISGUSTED",
                "Confidence": 5.27897834777832
            },
            {
                "Type": "SAD",
                "Confidence": 2.175060510635376
            },
            {
                "Type": "HAPPY",
                "Confidence": 2.121004104614258
            },
            {
                "Type": "SURPRISED",
                "Confidence": 1.1473798751831055
            },
            {
                "Type": "CONFUSED",
                "Confidence": 1.1442455053329468
            },
            {
                "Type": "FEAR",
                "Confidence": 0.9129598736763
            }
        ],
        "Landmarks": [
            {
                "Type": "eyeLeft",
                "X": 0.3608265221118927,
                "Y": 0.3864014744758606
            },
            {
                "Type": "eyeRight",
                "X": 0.5752689838409424,
                "Y": 0.36785590648651123
            },
            {
                "Type": "mouthLeft",
                "X": 0.4077080190181732,
                "Y": 0.5581582188606262
            },
            {
                "Type": "mouthRight",
                "X": 0.5865423083305359,
                "Y": 0.5427888035774231
            },
            {
                "Type": "nose",
                "X": 0.474244624376297,
                "Y": 0.4667789936065674
            },
            {
                "Type": "leftEyeBrowLeft",
                "X": 0.27730539441108704,
                "Y": 0.35414010286331177
            },
            {
                "Type": "leftEyeBrowRight",
                "X": 0.3316206634044647,
                "Y": 0.3268326222896576
            },
            {
                "Type": "leftEyeBrowUp",
                "X": 0.39367228746414185,
                "Y": 0.3299686908721924
            },
            {
                "Type": "rightEyeBrowLeft",
                "X": 0.5165216326713562,
                "Y": 0.319110631942749
            },
            {
                "Type": "rightEyeBrowRight",
                "X": 0.5789669156074524,
                "Y": 0.3050580620765686
            },
            {
                "Type": "rightEyeBrowUp",
                "X": 0.6499843597412109,
                "Y": 0.32154926657676697
            },
            {
                "Type": "leftEyeLeft",
                "X": 0.32353445887565613,
                "Y": 0.3892502784729004
            },
            {
                "Type": "leftEyeRight",
                "X": 0.4033932387828827,
                "Y": 0.38429737091064453
            },
            {
                "Type": "leftEyeUp",
                "X": 0.35813847184181213,
                "Y": 0.3775424361228943
            },
            {
                "Type": "leftEyeDown",
                "X": 0.3628833591938019,
                "Y": 0.39389070868492126
            },
            {
                "Type": "rightEyeLeft",
                "X": 0.5328765511512756,
                "Y": 0.37305766344070435
            },
            {
                "Type": "rightEyeRight",
                "X": 0.61408531665802,
                "Y": 0.36404159665107727
            },
            {
                "Type": "rightEyeUp",
                "X": 0.5734567046165466,
                "Y": 0.3588412404060364
            },
            {
                "Type": "rightEyeDown",
                "X": 0.5752524733543396,
                "Y": 0.37548306584358215
            },
            {
                "Type": "noseLeft",
                "X": 0.4424334764480591,
                "Y": 0.4906364977359772
            },
            {
                "Type": "noseRight",
                "X": 0.5218212604522705,
                "Y": 0.4837006628513336
            },
            {
                "Type": "mouthUp",
                "X": 0.48827847838401794,
                "Y": 0.5279592275619507
            },
            {
                "Type": "mouthDown",
                "X": 0.4982713460922241,
                "Y": 0.5804251432418823
            },
            {
                "Type": "leftPupil",
                "X": 0.3608265221118927,
                "Y": 0.3864014744758606
            },
            {
                "Type": "rightPupil",
                "X": 0.5752689838409424,
                "Y": 0.36785590648651123
            },
            {
                "Type": "upperJawlineLeft",
                "X": 0.24793741106987,
                "Y": 0.40442028641700745
            },
            {
                "Type": "midJawlineLeft",
                "X": 0.32155221700668335,
                "Y": 0.5866283774375916
            },
            {
                "Type": "chinBottom",
                "X": 0.5172972083091736,
                "Y": 0.6709018349647522
            },
            {
                "Type": "midJawlineRight",
                "X": 0.7011722922325134,
                "Y": 0.5533325672149658
            },
            {
                "Type": "upperJawlineRight",
                "X": 0.7156060338020325,
                "Y": 0.363318532705307
            }
        ],
        "Pose": {
            "Roll": -7.7481584548950195,
            "Yaw": -4.57279109954834,
            "Pitch": 5.615034580230713
        },
        "Quality": {
            "Brightness": 49.30247497558594,
            "Sharpness": 38.89601135253906
        },
        "Confidence": 99.99925994873047
    }
}