{
  "DocumentMetadata": {
    "Pages": 1
  },
  "Blocks": [
    {
      "BlockType": "PAGE",
      "Geometry": {
        "BoundingBox": {
          "Width": 0.9987090229988098,
          "Height": 1,
          "Left": 0.001290961285121739,
          "Top": 0
        },
        "Polygon": [
          {
            "X": 0.001290961285121739,
            "Y": 0.0003933212428819388
          },
          {
            "X": 1,
            "Y": 0
          },
          {
            "X": 1,
            "Y": 1
          },
          {
            "X": 0.002653041621670127,
            "Y": 1
          }
        ]
      },
      "Id": "45afc337-95bb-4b7f-89c8-472af6c3419b",
      "Relationships": [
        {
          "Type": "CHILD",
          "Ids": [
            "1eccc3f0-4687-42cc-a9cd-8158991734f5",
            "f11b6bd5-41fa-48c9-b7fc-51b3c500fd3e",
            "2824ccb9-510e-44d5-a73d-2cfc0f5c4649",
            "b2b1ebf5-2e5f-43f5-83b0-940fbc3056e5",
            "9e4a865d-36c4-4627-95b9-7f8985b41296",
            "c07b7eb5-1bc7-4260-a13f-5fca0b2a04f5",
            "2055dff2-6657-4823-9264-758e532e60e1",
            "e50d4e32-a84c-4ffe-ba4d-bfab1472edef",
            "ef445f57-508a-45fd-a9ca-5a4c669b26ae",
            "7f447ec3-70f4-4165-8ef7-db7d4002a4a5",
            "a0d581e5-f80f-4b69-8262-4ee91944cb37",
            "5f3aa862-587b-4646-9c8d-cebacb426963",
            "5a99205d-49cd-4678-81cc-df75d53b2273",
            "ce579eed-3093-48b0-9982-0edd40f36ef9",
            "5b3a0631-03b3-4190-a408-28b864762b5d",
            "36ee0a4c-2876-4b9b-8292-22ff22d41ad3",
            "ef91dbaa-89a9-4847-a4e0-9e1b29964740",
            "322f8c63-d4ae-4539-a739-f2a376cb63b8",
            "e9107a1a-3296-4f31-a911-a90d7d56624f",
            "c53ab67d-13a7-4738-972a-4228613911e9",
            "d274f968-cb32-491e-afe7-2f766a1ec6cc",
            "152c6c10-a829-461a-821c-162a323eef9a",
            "42b1edc6-f9db-4500-882c-055739b07c52",
            "3a21b9fa-d38c-4309-be0c-f951af43d937",
            "231b7894-1f50-4864-9151-07c96be34820",
            "8e029360-b829-4494-a1b1-ee9d23dbaeef",
            "dde42f7d-47c6-455e-88ef-b2c9950bf4db",
            "b135e87a-b1d8-477e-a4e4-1ab44a485541",
            "dbcb6094-a125-4eac-811b-86aaa088bd03",
            "6d502f45-74b5-4a5c-a239-6db54fa2171f",
            "73e58af7-b1ef-4792-952b-28e590ed825e",
            "866cbc48-2918-4274-b7e8-314ede530d12",
            "121c14b2-a37a-43be-a5b5-53838dc8a2b7",
            "ca3632cc-ca00-4df9-b144-184b5539627d",
            "75a23579-11eb-46f0-89b7-a603a7df5acf",
            "8ae497b3-aff5-418e-85db-2ff6475c89f7",
            "a73cf89f-acd2-4de7-a984-05d5a7355141",
            "438f492c-3b6b-4682-bc7d-bf6f625b12c5",
            "aab7078d-8a02-40ce-82b7-52381e478a9d",
            "1cdad493-418f-4385-acdf-7b765039d136",
            "5730db7d-4238-48c6-96ee-77c02f055f28",
            "28397e71-3e81-4dab-9959-ef83f82f1bd3",
            "319c152c-ed27-479f-a1ee-d334f341a7b9",
            "228513af-d799-47cb-a50b-c6c80889620e",
            "91f0dc86-412b-4aef-93ff-5bafb651eafa",
            "62a5fb7c-5408-4200-af93-09286c92c81e"
          ]
        }
      ]
    },
    {
      "BlockType": "LINE",
      "Confidence": 99.42611694335938,
      "Text": "UNITED STATES OF AMERICA",
      "Geometry": {
        "BoundingBox": {
          "Width": 0.8574459552764893,
          "Height": 0.06775664538145065,
          "Left": 0.06361386179924011,
          "Top": 0.05688298121094704
        },
        "Polygon": [
          {
            "X": 0.06361386179924011,
            "Y": 0.05749398469924927
          },
          {
            "X": 0.9210598468780518,
            "Y": 0.05688298121094704
          },
          {
            "X": 0.9210153818130493,
            "Y": 0.12408216297626495
          },
          {
            "X": 0.06369587779045105,
            "Y": 0.12463963031768799
          }
        ]
      },
      "Id": "1eccc3f0-4687-42cc-a9cd-8158991734f5",
      "Relationships": [
        {
          "Type": "CHILD",
          "Ids": [
            "13cb4795-f498-425d-b8ce-c3b2b4bafed7",
            "0a3d40f0-e2c7-41af-aa71-c526debaa472",
            "5cf62041-8e80-40e5-9bf1-a181c31e5d6b",
            "dcb32ea9-e0ca-49d2-a618-acc03090f8c0"
          ]
        }
      ]
    },
    {
      "BlockType": "LINE",
      "Confidence": 47.977630615234375,
      "Text": "PASSORT CARD*",
      "Geometry": {
        "BoundingBox": {
          "Width": 0.4460398554801941,
          "Height": 0.03927994146943092,
          "Left": 0.2885301411151886,
          "Top": 0.13841275870800018
        },
        "Polygon": [
          {
            "X": 0.2885301411151886,
            "Y": 0.13869690895080566
          },
          {
            "X": 0.7345700263977051,
            "Y": 0.13841275870800018
          },
          {
            "X": 0.7345601916313171,
            "Y": 0.17742471396923065
          },
          {
            "X": 0.2885585129261017,
            "Y": 0.1776926964521408
          }
        ]
      },
      "Id": "f11b6bd5-41fa-48c9-b7fc-51b3c500fd3e",
      "Relationships": [
        {
          "Type": "CHILD",
          "Ids": [
            "c5fb2a66-04aa-470d-a177-17fe1b7db846",
            "fc1ff284-fa44-4a95-86d8-1494778cf596"
          ]
        }
      ]
    },
    {
      "BlockType": "LINE",
      "Confidence": 99.75979614257812,
      "Text": "Nationality",
      "Geometry": {
        "BoundingBox": {
          "Width": 0.11558856070041656,
          "Height": 0.03739001601934433,
          "Left": 0.40207818150520325,
          "Top": 0.22744861245155334
        },
        "Polygon": [
          {
            "X": 0.40207818150520325,
            "Y": 0.22751270234584808
          },
          {
            "X": 0.5176584124565125,
            "Y": 0.22744861245155334
          },
          {
            "X": 0.517666757106781,
            "Y": 0.2647785544395447
          },
          {
            "X": 0.4020960330963135,
            "Y": 0.26483863592147827
          }
        ]
      },
      "Id": "2824ccb9-510e-44d5-a73d-2cfc0f5c4649",
      "Relationships": [
        {
          "Type": "CHILD",
          "Ids": [
            "e4ad0aa5-73bb-4977-b803-179504fe2a65"
          ]
        }
      ]
    },
    {
      "BlockType": "LINE",
      "Confidence": 86.4756088256836,
      "Text": "***",
      "Geometry": {
        "BoundingBox": {
          "Width": 0.05866732448339462,
          "Height": 0.028951870277523994,
          "Left": 0.565022885799408,
          "Top": 0.2179841846227646
        },
        "Polygon": [
          {
            "X": 0.565022885799408,
            "Y": 0.21801723539829254
          },
          {
            "X": 0.6236901879310608,
            "Y": 0.2179841846227646
          },
          {
            "X": 0.6236899495124817,
            "Y": 0.24690458178520203
          },
          {
            "X": 0.5650263428688049,
            "Y": 0.24693605303764343
          }
        ]
      },
      "Id": "b2b1ebf5-2e5f-43f5-83b0-940fbc3056e5",
      "Relationships": [
        {
          "Type": "CHILD",
          "Ids": [
            "a00259a9-ae45-4b19-a9e3-ebbad80b3d89"
          ]
        }
      ]
    },
    {
      "BlockType": "LINE",
      "Confidence": 98.59703826904297,
      "Text": "Passport Card no. *",
      "Geometry": {
        "BoundingBox": {
          "Width": 0.263719767332077,
          "Height": 0.042663417756557465,
          "Left": 0.7038728594779968,
          "Top": 0.20138822495937347
        },
        "Polygon": [
          {
            "X": 0.7038807272911072,
            "Y": 0.2015407830476761
          },
          {
            "X": 0.9675925970077515,
            "Y": 0.20138822495937347
          },
          {
            "X": 0.9675601124763489,
            "Y": 0.24390950798988342
          },
          {
            "X": 0.7038728594779968,
            "Y": 0.24405163526535034
          }
        ]
      },
      "Id": "9e4a865d-36c4-4627-95b9-7f8985b41296",
      "Relationships": [
        {
          "Type": "CHILD",
          "Ids": [
            "3d2dcb6c-9e38-4bf5-996f-f3c5fe23ac55",
            "3ade636d-ce3d-45b9-a71c-461a06ee591b",
            "ae470ba6-961c-43f3-b0cb-eace89a083c2",
            "53153b0d-e57a-4f50-82ad-e9098facc3b5"
          ]
        }
      ]
    },
    {
      "BlockType": "LINE",
      "Confidence": 99.89512634277344,
      "Text": "USA",
      "Geometry": {
        "BoundingBox": {
          "Width": 0.0611167773604393,
          "Height": 0.04287219047546387,
          "Left": 0.42277976870536804,
          "Top": 0.2689543664455414
        },
        "Polygon": [
          {
            "X": 0.42277976870536804,
            "Y": 0.26898589730262756
          },
          {
            "X": 0.4838837683200836,
            "Y": 0.2689543664455414
          },
          {
            "X": 0.48389655351638794,
            "Y": 0.31179746985435486
          },
          {
            "X": 0.4227983057498932,
            "Y": 0.31182655692100525
          }
        ]
      },
      "Id": "c07b7eb5-1bc7-4260-a13f-5fca0b2a04f5",
      "Relationships": [
        {
          "Type": "CHILD",
          "Ids": [
            "85715340-70a5-4d69-af4d-c8380e20156f"
          ]
        }
      ]
    },
    {
      "BlockType": "LINE",
      "Confidence": 95.89466094970703,
      "Text": "C03005988",
      "Geometry": {
        "BoundingBox": {
          "Width": 0.19093351066112518,
          "Height": 0.04837682098150253,
          "Left": 0.7193225026130676,
          "Top": 0.25119757652282715
        },
        "Polygon": [
          {
            "X": 0.7193330526351929,
            "Y": 0.2512992024421692
          },
          {
            "X": 0.9102559685707092,
            "Y": 0.25119757652282715
          },
          {
            "X": 0.9102251529693604,
            "Y": 0.2994813323020935
          },
          {
            "X": 0.7193225026130676,
            "Y": 0.2995744049549103
          }
        ]
      },
      "Id": "2055dff2-6657-4823-9264-758e532e60e1",
      "Relationships": [
        {
          "Type": "CHILD",
          "Ids": [
            "7b2e20b6-4ff2-4a9c-a272-80d7105ce966"
          ]
        }
      ]
    },
    {
      "BlockType": "LINE",
      "Confidence": 99.60804748535156,
      "Text": "Surname",
      "Geometry": {
        "BoundingBox": {
          "Width": 0.09940379858016968,
          "Height": 0.03249408304691315,
          "Left": 0.3776850998401642,
          "Top": 0.33930474519729614
        },
        "Polygon": [
          {
            "X": 0.3776850998401642,
            "Y": 0.33934953808784485
          },
          {
            "X": 0.47707873582839966,
            "Y": 0.33930474519729614
          },
          {
            "X": 0.47708889842033386,
            "Y": 0.37175700068473816
          },
          {
            "X": 0.37770238518714905,
            "Y": 0.3717988133430481
          }
        ]
      },
      "Id": "e50d4e32-a84c-4ffe-ba4d-bfab1472edef",
      "Relationships": [
        {
          "Type": "CHILD",
          "Ids": [
            "60b36b7d-38bd-4ea1-b498-431637d1628b"
          ]
        }
      ]
    },
    {
      "BlockType": "LINE",
      "Confidence": 99.368896484375,
      "Text": "EXEMPLAR",
      "Geometry": {
        "BoundingBox": {
          "Width": 0.29056569933891296,
          "Height": 0.07379689067602158,
          "Left": 0.6415444612503052,
          "Top": 0.32438430190086365
        },
        "Polygon": [
          {
            "X": 0.6415479779243469,
            "Y": 0.32451924681663513
          },
          {
            "X": 0.9321101307868958,
            "Y": 0.32438430190086365
          },
          {
            "X": 0.9320595860481262,
            "Y": 0.39806613326072693
          },
          {
            "X": 0.6415444612503052,
            "Y": 0.3981812000274658
          }
        ]
      },
      "Id": "ef445f57-508a-45fd-a9ca-5a4c669b26ae",
      "Relationships": [
        {
          "Type": "CHILD",
          "Ids": [
            "7bc4469d-1046-4a8b-a9f7-bd4413e41f23"
          ]
        }
      ]
    },
    {
      "BlockType": "LINE",
      "Confidence": 97.42084503173828,
      "Text": "TRAVELER",
      "Geometry": {
        "BoundingBox": {
          "Width": 0.1572171151638031,
          "Height": 0.044737573713064194,
          "Left": 0.405307412147522,
          "Top": 0.3846972584724426
        },
        "Polygon": [
          {
            "X": 0.405307412147522,
            "Y": 0.3847614824771881
          },
          {
            "X": 0.5625188946723938,
            "Y": 0.3846972584724426
          },
          {
            "X": 0.5625244975090027,
            "Y": 0.42937713861465454
          },
          {
            "X": 0.4053284525871277,
            "Y": 0.4294348359107971
          }
        ]
      },
      "Id": "7f447ec3-70f4-4165-8ef7-db7d4002a4a5",
      "Relationships": [
        {
          "Type": "CHILD",
          "Ids": [
            "17574125-fa4e-4bce-b91c-9c25e60b688d"
          ]
        }
      ]
    },
    {
      "BlockType": "LINE",
      "Confidence": 99.86660766601562,
      "Text": "Given Names",
      "Geometry": {
        "BoundingBox": {
          "Width": 0.14370253682136536,
          "Height": 0.03121708147227764,
          "Left": 0.4767831861972809,
          "Top": 0.4501437842845917
        },
        "Polygon": [
          {
            "X": 0.4767831861972809,
            "Y": 0.45019376277923584
          },
          {
            "X": 0.6204857230186462,
            "Y": 0.4501437842845917
          },
          {
            "X": 0.6204856634140015,
            "Y": 0.4813150465488434
          },
          {
            "X": 0.47679296135902405,
            "Y": 0.48136085271835327
          }
        ]
      },
      "Id": "a0d581e5-f80f-4b69-8262-4ee91944cb37",
      "Relationships": [
        {
          "Type": "CHILD",
          "Ids": [
            "a5dabebf-1fd5-4869-8a5d-4212d5fb3904",
            "7da671ff-e2eb-46e2-a000-baae1654d5a7"
          ]
        }
      ]
    },
    {
      "BlockType": "LINE",
      "Confidence": 99.85767364501953,
      "Text": "HAPPY",
      "Geometry": {
        "BoundingBox": {
          "Width": 0.09815793484449387,
          "Height": 0.04255106672644615,
          "Left": 0.48062652349472046,
          "Top": 0.49663329124450684
        },
        "Polygon": [
          {
            "X": 0.48062652349472046,
            "Y": 0.4966632127761841
          },
          {
            "X": 0.5787806510925293,
            "Y": 0.49663329124450684
          },
          {
            "X": 0.5787844657897949,
            "Y": 0.5391583442687988
          },
          {
            "X": 0.4806395471096039,
            "Y": 0.5391843318939209
          }
        ]
      },
      "Id": "5f3aa862-587b-4646-9c8d-cebacb426963",
      "Relationships": [
        {
          "Type": "CHILD",
          "Ids": [
            "f8f4e1cb-98fe-492d-82e6-61efd967dc93"
          ]
        }
      ]
    },
    {
      "BlockType": "LINE",
      "Confidence": 99.71733856201172,
      "Text": "Sex",
      "Geometry": {
        "BoundingBox": {
          "Width": 0.040675804018974304,
          "Height": 0.030374325811862946,
          "Left": 0.503618597984314,
          "Top": 0.5640649795532227
        },
        "Polygon": [
          {
            "X": 0.503618597984314,
            "Y": 0.5640748143196106
          },
          {
            "X": 0.5442894101142883,
            "Y": 0.5640649795532227
          },
          {
            "X": 0.5442944169044495,
            "Y": 0.5944306254386902
          },
          {
            "X": 0.5036264061927795,
            "Y": 0.5944393277168274
          }
        ]
      },
      "Id": "5a99205d-49cd-4678-81cc-df75d53b2273",
      "Relationships": [
        {
          "Type": "CHILD",
          "Ids": [
            "78833446-89cf-46ee-961f-1a78fb5e71d0"
          ]
        }
      ]
    },
    {
      "BlockType": "LINE",
      "Confidence": 99.794921875,
      "Text": "Date of Birth",
      "Geometry": {
        "BoundingBox": {
          "Width": 0.13615339994430542,
          "Height": 0.03177602216601372,
          "Left": 0.6046054363250732,
          "Top": 0.5633631348609924
        },
        "Polygon": [
          {
            "X": 0.6046054363250732,
            "Y": 0.5633962154388428
          },
          {
            "X": 0.7407587766647339,
            "Y": 0.5633631348609924
          },
          {
            "X": 0.7407503724098206,
            "Y": 0.5951101183891296
          },
          {
            "X": 0.6046064496040344,
            "Y": 0.5951391458511353
          }
        ]
      },
      "Id": "ce579eed-3093-48b0-9982-0edd40f36ef9",
      "Relationships": [
        {
          "Type": "CHILD",
          "Ids": [
            "0b309e9a-1c56-4934-a804-e999a2092f4d",
            "d8b1a051-d98e-4084-b3e0-5c0acd836312",
            "9b5a18f9-8e6a-485b-9403-66ab0ccceed3"
          ]
        }
      ]
    },
    {
      "BlockType": "LINE",
      "Confidence": 98.76641082763672,
      "Text": "M",
      "Geometry": {
        "BoundingBox": {
          "Width": 0.02415281906723976,
          "Height": 0.038968276232481,
          "Left": 0.5037035346031189,
          "Top": 0.617770254611969
        },
        "Polygon": [
          {
            "X": 0.5037035346031189,
            "Y": 0.6177749037742615
          },
          {
            "X": 0.527848482131958,
            "Y": 0.617770254611969
          },
          {
            "X": 0.5278563499450684,
            "Y": 0.6567347645759583
          },
          {
            "X": 0.5037134885787964,
            "Y": 0.6567385792732239
          }
        ]
      },
      "Id": "5b3a0631-03b3-4190-a408-28b864762b5d",
      "Relationships": [
        {
          "Type": "CHILD",
          "Ids": [
            "363a015a-09e9-464f-a8dc-e4320401446c"
          ]
        }
      ]
    },
    {
      "BlockType": "LINE",
      "Confidence": 99.80570983886719,
      "Text": "1 JAN 1981",
      "Geometry": {
        "BoundingBox": {
          "Width": 0.15581904351711273,
          "Height": 0.044640034437179565,
          "Left": 0.5836540460586548,
          "Top": 0.6054138541221619
        },
        "Polygon": [
          {
            "X": 0.5836540460586548,
            "Y": 0.6054455637931824
          },
          {
            "X": 0.7394731044769287,
            "Y": 0.6054138541221619
          },
          {
            "X": 0.739461362361908,
            "Y": 0.6500285863876343
          },
          {
            "X": 0.5836575627326965,
            "Y": 0.650053858757019
          }
        ]
      },
      "Id": "36ee0a4c-2876-4b9b-8292-22ff22d41ad3",
      "Relationships": [
        {
          "Type": "CHILD",
          "Ids": [
            "0a729ba7-b624-4a12-9fe5-44b3b47389a2",
            "b9f327a2-1358-4b77-a504-7d01e19a83c5",
            "1ac8fa3b-6aa1-4623-abc1-645bfc25aeca"
          ]
        }
      ]
    },
    {
      "BlockType": "LINE",
      "Confidence": 99.79972839355469,
      "Text": "Place of Birth",
      "Geometry": {
        "BoundingBox": {
          "Width": 0.1459178328514099,
          "Height": 0.03195565193891525,
          "Left": 0.5342504382133484,
          "Top": 0.6750529408454895
        },
        "Polygon": [
          {
            "X": 0.5342504382133484,
            "Y": 0.6750732064247131
          },
          {
            "X": 0.6801682114601135,
            "Y": 0.6750529408454895
          },
          {
            "X": 0.6801639795303345,
            "Y": 0.7069926261901855
          },
          {
            "X": 0.5342563986778259,
            "Y": 0.7070086002349854
          }
        ]
      },
      "Id": "ef91dbaa-89a9-4847-a4e0-9e1b29964740",
      "Relationships": [
        {
          "Type": "CHILD",
          "Ids": [
            "1b46628c-ff1b-498b-9404-9bc5f3a0689a",
            "61747daa-7b79-42fb-9196-89b07d82f85e",
            "114b1689-85cf-4357-8d1f-ac92afe53ac7"
          ]
        }
      ]
    },
    {
      "BlockType": "LINE",
      "Confidence": 97.98841857910156,
      "Text": "NEW YORK. U.S.A.",
      "Geometry": {
        "BoundingBox": {
          "Width": 0.26188334822654724,
          "Height": 0.04507966339588165,
          "Left": 0.48067158460617065,
          "Top": 0.7217568159103394
        },
        "Polygon": [
          {
            "X": 0.48067158460617065,
            "Y": 0.721781849861145
          },
          {
            "X": 0.7425549626350403,
            "Y": 0.7217568159103394
          },
          {
            "X": 0.7425428032875061,
            "Y": 0.766822338104248
          },
          {
            "X": 0.48068535327911377,
            "Y": 0.7668364644050598
          }
        ]
      },
      "Id": "322f8c63-d4ae-4539-a739-f2a376cb63b8",
      "Relationships": [
        {
          "Type": "CHILD",
          "Ids": [
            "c23678b8-be93-4fa8-b5cb-a69079e6b0da",
            "93b8a23b-49ee-421c-b43c-335cd8761127",
            "c388fc0b-5d16-41cb-ba91-ad6a13b5ce9c"
          ]
        }
      ]
    },
    {
      "BlockType": "LINE",
      "Confidence": 69.49815368652344,
      "Text": "S",
      "Geometry": {
        "BoundingBox": {
          "Width": 0.016700638458132744,
          "Height": 0.034012697637081146,
          "Left": 0.007647577673196793,
          "Top": 0.7939584255218506
        },
        "Polygon": [
          {
            "X": 0.007647577673196793,
            "Y": 0.7939589023590088
          },
          {
            "X": 0.02430366352200508,
            "Y": 0.7939584255218506
          },
          {
            "X": 0.024348216131329536,
            "Y": 0.8279711008071899
          },
          {
            "X": 0.007693376392126083,
            "Y": 0.8279710412025452
          }
        ]
      },
      "Id": "e9107a1a-3296-4f31-a911-a90d7d56624f",
      "Relationships": [
        {
          "Type": "CHILD",
          "Ids": [
            "f34f1350-bb06-490e-a67e-6742d51eae2f"
          ]
        }
      ]
    },
    {
      "BlockType": "LINE",
      "Confidence": 99.18340301513672,
      "Text": "Issued On",
      "Geometry": {
        "BoundingBox": {
          "Width": 0.10960385948419571,
          "Height": 0.031726524233818054,
          "Left": 0.4838223159313202,
          "Top": 0.784614622592926
        },
        "Polygon": [
          {
            "X": 0.4838223159313202,
            "Y": 0.7846187353134155
          },
          {
            "X": 0.5934243202209473,
            "Y": 0.784614622592926
          },
          {
            "X": 0.5934261679649353,
            "Y": 0.8163402676582336
          },
          {
            "X": 0.4838317930698395,
            "Y": 0.8163411617279053
          }
        ]
      },
      "Id": "c53ab67d-13a7-4738-972a-4228613911e9",
      "Relationships": [
        {
          "Type": "CHILD",
          "Ids": [
            "e567f199-0900-4039-be28-10b8466bc7e7",
            "30d53cf7-9ed2-406d-a1ec-79404785aa54"
          ]
        }
      ]
    },
    {
      "BlockType": "LINE",
      "Confidence": 99.7134780883789,
      "Text": "Expires On",
      "Geometry": {
        "BoundingBox": {
          "Width": 0.11833898723125458,
          "Height": 0.035644203424453735,
          "Left": 0.6924028396606445,
          "Top": 0.7817233800888062
        },
        "Polygon": [
          {
            "X": 0.6924085021018982,
            "Y": 0.7817280888557434
          },
          {
            "X": 0.8107418417930603,
            "Y": 0.7817233800888062
          },
          {
            "X": 0.8107268214225769,
            "Y": 0.8173667192459106
          },
          {
            "X": 0.6924028396606445,
            "Y": 0.8173675537109375
          }
        ]
      },
      "Id": "d274f968-cb32-491e-afe7-2f766a1ec6cc",
      "Relationships": [
        {
          "Type": "CHILD",
          "Ids": [
            "30c94b97-bce5-4060-a693-1a51589c119b",
            "f432bd64-52e4-48dd-a1e7-b3b24199136c"
          ]
        }
      ]
    },
    {
      "BlockType": "LINE",
      "Confidence": 41.29173278808594,
      "Text": "BES",
      "Geometry": {
        "BoundingBox": {
          "Width": 0.05631234124302864,
          "Height": 0.03609291464090347,
          "Left": 0.15479226410388947,
          "Top": 0.8101717233657837
        },
        "Polygon": [
          {
            "X": 0.15479226410388947,
            "Y": 0.810172438621521
          },
          {
            "X": 0.2110721617937088,
            "Y": 0.8101717233657837
          },
          {
            "X": 0.211104616522789,
            "Y": 0.8462646007537842
          },
          {
            "X": 0.15482918918132782,
            "Y": 0.8462634682655334
          }
        ]
      },
      "Id": "152c6c10-a829-461a-821c-162a323eef9a",
      "Relationships": [
        {
          "Type": "CHILD",
          "Ids": [
            "27b46661-17bc-460c-82df-c96952d03379"
          ]
        }
      ]
    },
    {
      "BlockType": "LINE",
      "Confidence": 96.27064514160156,
      "Text": "+",
      "Geometry": {
        "BoundingBox": {
          "Width": 0.02068416029214859,
          "Height": 0.03381162881851196,
          "Left": 0.005445662420243025,
          "Top": 0.8443329930305481
        },
        "Polygon": [
          {
            "X": 0.005445662420243025,
            "Y": 0.8443329930305481
          },
          {
            "X": 0.026085661724209785,
            "Y": 0.8443333506584167
          },
          {
            "X": 0.026129823178052902,
            "Y": 0.8781446218490601
          },
          {
            "X": 0.005491358228027821,
            "Y": 0.8781436085700989
          }
        ]
      },
      "Id": "42b1edc6-f9db-4500-882c-055739b07c52",
      "Relationships": [
        {
          "Type": "CHILD",
          "Ids": [
            "ffb88f67-9b68-482d-a781-224798c5d6c4"
          ]
        }
      ]
    },
    {
      "BlockType": "LINE",
      "Confidence": 99.82270812988281,
      "Text": "30 NOV 2009",
      "Geometry": {
        "BoundingBox": {
          "Width": 0.18001465499401093,
          "Height": 0.044610463082790375,
          "Left": 0.48841390013694763,
          "Top": 0.8191382884979248
        },
        "Polygon": [
          {
            "X": 0.48841390013694763,
            "Y": 0.8191392421722412
          },
          {
            "X": 0.6684285402297974,
            "Y": 0.8191382884979248
          },
          {
            "X": 0.6684237718582153,
            "Y": 0.8637487888336182
          },
          {
            "X": 0.4884268045425415,
            "Y": 0.8637422919273376
          }
        ]
      },
      "Id": "3a21b9fa-d38c-4309-be0c-f951af43d937",
      "Relationships": [
        {
          "Type": "CHILD",
          "Ids": [
            "2b667d37-548a-42a1-9ba0-3663da23a1a2",
            "30e55f7a-4f04-4733-b012-9443ab702e63",
            "03a83003-0089-4fbd-bc5e-e20f856f738c"
          ]
        }
      ]
    },
    {
      "BlockType": "LINE",
      "Confidence": 98.62520599365234,
      "Text": "29 NOV 2019",
      "Geometry": {
        "BoundingBox": {
          "Width": 0.1825486272573471,
          "Height": 0.043584246188402176,
          "Left": 0.7048352956771851,
          "Top": 0.8220185041427612
        },
        "Polygon": [
          {
            "X": 0.7048434615135193,
            "Y": 0.8220189809799194
          },
          {
            "X": 0.8873839378356934,
            "Y": 0.8220185041427612
          },
          {
            "X": 0.8873582482337952,
            "Y": 0.8656027317047119
          },
          {
            "X": 0.7048352956771851,
            "Y": 0.865595817565918
          }
        ]
      },
      "Id": "231b7894-1f50-4864-9151-07c96be34820",
      "Relationships": [
        {
          "Type": "CHILD",
          "Ids": [
            "d4f2c260-79a0-44a9-bf6f-be984c902fbf",
            "50c34fbb-b8fc-40b8-bfd9-885d1412201c",
            "94f93214-cef7-4c07-958a-8f7a46c8b119"
          ]
        }
      ]
    },
    {
      "BlockType": "LINE",
      "Confidence": 98.77236938476562,
      "Text": "M-6131821-07",
      "Geometry": {
        "BoundingBox": {
          "Width": 0.1923667937517166,
          "Height": 0.04177914187312126,
          "Left": 0.06697265803813934,
          "Top": 0.866301417350769
        },
        "Polygon": [
          {
            "X": 0.06697265803813934,
            "Y": 0.866301417350769
          },
          {
            "X": 0.25930631160736084,
            "Y": 0.8663088083267212
          },
          {
            "X": 0.25933945178985596,
            "Y": 0.9080805778503418
          },
          {
            "X": 0.06702344864606857,
            "Y": 0.9080657362937927
          }
        ]
      },
      "Id": "8e029360-b829-4494-a1b1-ee9d23dbaeef",
      "Relationships": [
        {
          "Type": "CHILD",
          "Ids": [
            "e3181ca1-acba-4710-ad98-8a8c1cc9c24d"
          ]
        }
      ]
    },
    {
      "BlockType": "LINE",
      "Confidence": 98.34634399414062,
      "Text": "1-02781-0",
      "Geometry": {
        "BoundingBox": {
          "Width": 0.12050510942935944,
          "Height": 0.03567967563867569,
          "Left": 0.8073073625564575,
          "Top": 0.8774397373199463
        },
        "Polygon": [
          {
            "X": 0.807322084903717,
            "Y": 0.8774397373199463
          },
          {
            "X": 0.9278124570846558,
            "Y": 0.8774455785751343
          },
          {
            "X": 0.927788257598877,
            "Y": 0.913119375705719
          },
          {
            "X": 0.8073073625564575,
            "Y": 0.913109540939331
          }
        ]
      },
      "Id": "dde42f7d-47c6-455e-88ef-b2c9950bf4db",
      "Relationships": [
        {
          "Type": "CHILD",
          "Ids": [
            "ee0a4ff2-9543-4dd3-afce-b9630e23e373"
          ]
        }
      ]
    },
    {
      "BlockType": "LINE",
      "Confidence": 70.529541015625,
      "Text": "UNITEO STATES WF STATE",
      "Geometry": {
        "BoundingBox": {
          "Width": 0.6939237117767334,
          "Height": 0.03519456088542938,
          "Left": 0.1520734429359436,
          "Top": 0.921637237071991
        },
        "Polygon": [
          {
            "X": 0.1520734429359436,
            "Y": 0.921637237071991
          },
          {
            "X": 0.845997154712677,
            "Y": 0.9216995239257812
          },
          {
            "X": 0.845979630947113,
            "Y": 0.9568318128585815
          },
          {
            "X": 0.15210957825183868,
            "Y": 0.9567468762397766
          }
        ]
      },
      "Id": "b135e87a-b1d8-477e-a4e4-1ab44a485541",
      "Relationships": [
        {
          "Type": "CHILD",
          "Ids": [
            "a91514ea-b496-4045-90c0-624da8622e35",
            "7d229f37-bf7f-4de6-8efa-530c5f8e47e4",
            "396f222c-28f2-4128-9a9e-2a618ab20ad5",
            "675e9db7-651c-4977-91e9-4d357010ea88"
          ]
        }
      ]
    },
    {
      "BlockType": "WORD",
      "Confidence": 99.46479034423828,
      "Text": "UNITED",
      "TextType": "PRINTED",
      "Geometry": {
        "BoundingBox": {
          "Width": 0.24006791412830353,
          "Height": 0.065159872174263,
          "Left": 0.06361649185419083,
          "Top": 0.05947975441813469
        },
        "Polygon": [
          {
            "X": 0.06361649185419083,
            "Y": 0.05965030938386917
          },
          {
            "X": 0.30363929271698,
            "Y": 0.05947975441813469
          },
          {
            "X": 0.30368441343307495,
            "Y": 0.12448357790708542
          },
          {
            "X": 0.06369587779045105,
            "Y": 0.12463962286710739
          }
        ]
      },
      "Id": "13cb4795-f498-425d-b8ce-c3b2b4bafed7"
    },
    {
      "BlockType": "WORD",
      "Confidence": 99.5406494140625,
      "Text": "STATES",
      "TextType": "PRINTED",
      "Geometry": {
        "BoundingBox": {
          "Width": 0.22874794900417328,
          "Height": 0.06039628013968468,
          "Left": 0.31589528918266296,
          "Top": 0.059482377022504807
        },
        "Polygon": [
          {
            "X": 0.31589528918266296,
            "Y": 0.059644877910614014
          },
          {
            "X": 0.5446333289146423,
            "Y": 0.059482377022504807
          },
          {
            "X": 0.544643223285675,
            "Y": 0.11972896754741669
          },
          {
            "X": 0.31593549251556396,
            "Y": 0.11987865716218948
          }
        ]
      },
      "Id": "0a3d40f0-e2c7-41af-aa71-c526debaa472"
    },
    {
      "BlockType": "WORD",
      "Confidence": 99.33802795410156,
      "Text": "OF",
      "TextType": "PRINTED",
      "Geometry": {
        "BoundingBox": {
          "Width": 0.08368927240371704,
          "Height": 0.0614926777780056,
          "Left": 0.5567067861557007,
          "Top": 0.05799258127808571
        },
        "Polygon": [
          {
            "X": 0.5567067861557007,
            "Y": 0.058052144944667816
          },
          {
            "X": 0.6403960585594177,
            "Y": 0.05799258127808571
          },
          {
            "X": 0.6403932571411133,
            "Y": 0.11943046748638153
          },
          {
            "X": 0.5567152500152588,
            "Y": 0.11948525905609131
          }
        ]
      },
      "Id": "5cf62041-8e80-40e5-9bf1-a181c31e5d6b"
    },
    {
      "BlockType": "WORD",
      "Confidence": 99.36100769042969,
      "Text": "AMERICA",
      "TextType": "PRINTED",
      "Geometry": {
        "BoundingBox": {
          "Width": 0.2705967128276825,
          "Height": 0.06148188188672066,
          "Left": 0.6504631042480469,
          "Top": 0.05688298121094704
        },
        "Polygon": [
          {
            "X": 0.6504672169685364,
            "Y": 0.057075802236795425
          },
          {
            "X": 0.9210598468780518,
            "Y": 0.05688298121094704
          },
          {
            "X": 0.9210192561149597,
            "Y": 0.11818745732307434
          },
          {
            "X": 0.6504631042480469,
            "Y": 0.1183648630976677
          }
        ]
      },
      "Id": "dcb32ea9-e0ca-49d2-a618-acc03090f8c0"
    },
    {
      "BlockType": "WORD",
      "Confidence": 35.732364654541016,
      "Text": "PASSORT",
      "TextType": "PRINTED",
      "Geometry": {
        "BoundingBox": {
          "Width": 0.2598094344139099,
          "Height": 0.038769062608480453,
          "Left": 0.2885304093360901,
          "Top": 0.13886544108390808
        },
        "Polygon": [
          {
            "X": 0.2885304093360901,
            "Y": 0.13903087377548218
          },
          {
            "X": 0.5483337640762329,
            "Y": 0.13886544108390808
          },
          {
            "X": 0.54833984375,
            "Y": 0.17747840285301208
          },
          {
            "X": 0.2885584831237793,
            "Y": 0.17763450741767883
          }
        ]
      },
      "Id": "c5fb2a66-04aa-470d-a177-17fe1b7db846"
    },
    {
      "BlockType": "WORD",
      "Confidence": 60.222900390625,
      "Text": "CARD*",
      "TextType": "PRINTED",
      "Geometry": {
        "BoundingBox": {
          "Width": 0.1656564474105835,
          "Height": 0.039111461490392685,
          "Left": 0.5689135789871216,
          "Top": 0.13841275870800018
        },
        "Polygon": [
          {
            "X": 0.5689135789871216,
            "Y": 0.138518288731575
          },
          {
            "X": 0.7345700263977051,
            "Y": 0.13841275870800018
          },
          {
            "X": 0.7345601916313171,
            "Y": 0.17742468416690826
          },
          {
            "X": 0.5689179301261902,
            "Y": 0.17752420902252197
          }
        ]
      },
      "Id": "fc1ff284-fa44-4a95-86d8-1494778cf596"
    },
    {
      "BlockType": "WORD",
      "Confidence": 99.75979614257812,
      "Text": "Nationality",
      "TextType": "PRINTED",
      "Geometry": {
        "BoundingBox": {
          "Width": 0.11558856815099716,
          "Height": 0.03739002346992493,
          "Left": 0.40207818150520325,
          "Top": 0.22744861245155334
        },
        "Polygon": [
          {
            "X": 0.40207818150520325,
            "Y": 0.22751270234584808
          },
          {
            "X": 0.5176584124565125,
            "Y": 0.22744861245155334
          },
          {
            "X": 0.517666757106781,
            "Y": 0.2647785544395447
          },
          {
            "X": 0.4020960330963135,
            "Y": 0.26483863592147827
          }
        ]
      },
      "Id": "e4ad0aa5-73bb-4977-b803-179504fe2a65"
    },
    {
      "BlockType": "WORD",
      "Confidence": 86.4756088256836,
      "Text": "***",
      "TextType": "PRINTED",
      "Geometry": {
        "BoundingBox": {
          "Width": 0.058667395263910294,
          "Height": 0.028951872140169144,
          "Left": 0.565022885799408,
          "Top": 0.2179841846227646
        },
        "Polygon": [
          {
            "X": 0.565022885799408,
            "Y": 0.21801723539829254
          },
          {
            "X": 0.6236902475357056,
            "Y": 0.2179841846227646
          },
          {
            "X": 0.6236900091171265,
            "Y": 0.24690459668636322
          },
          {
            "X": 0.5650263428688049,
            "Y": 0.24693605303764343
          }
        ]
      },
      "Id": "a00259a9-ae45-4b19-a9e3-ebbad80b3d89"
    },
    {
      "BlockType": "WORD",
      "Confidence": 99.64598083496094,
      "Text": "Passport",
      "TextType": "PRINTED",
      "Geometry": {
        "BoundingBox": {
          "Width": 0.11138079315423965,
          "Height": 0.04257529601454735,
          "Left": 0.7038728594779968,
          "Top": 0.2014763504266739
        },
        "Polygon": [
          {
            "X": 0.7038807272911072,
            "Y": 0.2015407830476761
          },
          {
            "X": 0.8152536749839783,
            "Y": 0.2014763504266739
          },
          {
            "X": 0.8152353763580322,
            "Y": 0.24399161338806152
          },
          {
            "X": 0.7038728594779968,
            "Y": 0.24405165016651154
          }
        ]
      },
      "Id": "3d2dcb6c-9e38-4bf5-996f-f3c5fe23ac55"
    },
    {
      "BlockType": "WORD",
      "Confidence": 98.21176147460938,
      "Text": "Card",
      "TextType": "PRINTED",
      "Geometry": {
        "BoundingBox": {
          "Width": 0.06072135269641876,
          "Height": 0.03510381653904915,
          "Left": 0.8201084136962891,
          "Top": 0.20254312455654144
        },
        "Polygon": [
          {
            "X": 0.8201238512992859,
            "Y": 0.20257818698883057
          },
          {
            "X": 0.8808298110961914,
            "Y": 0.20254312455654144
          },
          {
            "X": 0.8808096647262573,
            "Y": 0.23761385679244995
          },
          {
            "X": 0.8201084136962891,
            "Y": 0.2376469373703003
          }
        ]
      },
      "Id": "3ade636d-ce3d-45b9-a71c-461a06ee591b"
    },
    {
      "BlockType": "WORD",
      "Confidence": 97.82577514648438,
      "Text": "no.",
      "TextType": "HANDWRITING",
      "Geometry": {
        "BoundingBox": {
          "Width": 0.0365399532020092,
          "Height": 0.03191988170146942,
          "Left": 0.8862708806991577,
          "Top": 0.20708219707012177
        },
        "Polygon": [
          {
            "X": 0.8862895369529724,
            "Y": 0.20710311830043793
          },
          {
            "X": 0.9228107929229736,
            "Y": 0.20708219707012177
          },
          {
            "X": 0.9227895736694336,
            "Y": 0.2389822155237198
          },
          {
            "X": 0.8862708806991577,
            "Y": 0.2390020787715912
          }
        ]
      },
      "Id": "ae470ba6-961c-43f3-b0cb-eace89a083c2"
    },
    {
      "BlockType": "WORD",
      "Confidence": 98.70464324951172,
      "Text": "*",
      "TextType": "PRINTED",
      "Geometry": {
        "BoundingBox": {
          "Width": 0.02075893245637417,
          "Height": 0.03135506436228752,
          "Left": 0.9468293190002441,
          "Top": 0.20713616907596588
        },
        "Polygon": [
          {
            "X": 0.9468518495559692,
            "Y": 0.20714804530143738
          },
          {
            "X": 0.9675882458686829,
            "Y": 0.20713616907596588
          },
          {
            "X": 0.9675642848014832,
            "Y": 0.23847994208335876
          },
          {
            "X": 0.9468293190002441,
            "Y": 0.2384912371635437
          }
        ]
      },
      "Id": "53153b0d-e57a-4f50-82ad-e9098facc3b5"
    },
    {
      "BlockType": "WORD",
      "Confidence": 99.89512634277344,
      "Text": "USA",
      "TextType": "PRINTED",
      "Geometry": {
        "BoundingBox": {
          "Width": 0.0611167773604393,
          "Height": 0.042872216552495956,
          "Left": 0.42277976870536804,
          "Top": 0.2689543664455414
        },
        "Polygon": [
          {
            "X": 0.42277976870536804,
            "Y": 0.26898589730262756
          },
          {
            "X": 0.4838837683200836,
            "Y": 0.2689543664455414
          },
          {
            "X": 0.48389655351638794,
            "Y": 0.31179749965667725
          },
          {
            "X": 0.4227983057498932,
            "Y": 0.31182658672332764
          }
        ]
      },
      "Id": "85715340-70a5-4d69-af4d-c8380e20156f"
    },
    {
      "BlockType": "WORD",
      "Confidence": 95.89466094970703,
      "Text": "C03005988",
      "TextType": "PRINTED",
      "Geometry": {
        "BoundingBox": {
          "Width": 0.1909334808588028,
          "Height": 0.04837682098150253,
          "Left": 0.7193225026130676,
          "Top": 0.25119757652282715
        },
        "Polygon": [
          {
            "X": 0.7193330526351929,
            "Y": 0.2512992024421692
          },
          {
            "X": 0.9102559685707092,
            "Y": 0.25119757652282715
          },
          {
            "X": 0.9102251529693604,
            "Y": 0.2994813323020935
          },
          {
            "X": 0.7193225026130676,
            "Y": 0.2995744049549103
          }
        ]
      },
      "Id": "7b2e20b6-4ff2-4a9c-a272-80d7105ce966"
    },
    {
      "BlockType": "WORD",
      "Confidence": 99.60804748535156,
      "Text": "Surname",
      "TextType": "PRINTED",
      "Geometry": {
        "BoundingBox": {
          "Width": 0.09940382838249207,
          "Height": 0.03249408304691315,
          "Left": 0.3776850998401642,
          "Top": 0.33930474519729614
        },
        "Polygon": [
          {
            "X": 0.3776850998401642,
            "Y": 0.33934953808784485
          },
          {
            "X": 0.47707876563072205,
            "Y": 0.33930474519729614
          },
          {
            "X": 0.47708892822265625,
            "Y": 0.37175700068473816
          },
          {
            "X": 0.37770238518714905,
            "Y": 0.3717988133430481
          }
        ]
      },
      "Id": "60b36b7d-38bd-4ea1-b498-431637d1628b"
    },
    {
      "BlockType": "WORD",
      "Confidence": 99.368896484375,
      "Text": "EXEMPLAR",
      "TextType": "PRINTED",
      "Geometry": {
        "BoundingBox": {
          "Width": 0.29056569933891296,
          "Height": 0.07379690557718277,
          "Left": 0.6415444612503052,
          "Top": 0.32438430190086365
        },
        "Polygon": [
          {
            "X": 0.6415479779243469,
            "Y": 0.32451924681663513
          },
          {
            "X": 0.9321101307868958,
            "Y": 0.32438430190086365
          },
          {
            "X": 0.9320595860481262,
            "Y": 0.3980661630630493
          },
          {
            "X": 0.6415444612503052,
            "Y": 0.3981812000274658
          }
        ]
      },
      "Id": "7bc4469d-1046-4a8b-a9f7-bd4413e41f23"
    },
    {
      "BlockType": "WORD",
      "Confidence": 97.42084503173828,
      "Text": "TRAVELER",
      "TextType": "PRINTED",
      "Geometry": {
        "BoundingBox": {
          "Width": 0.1572171151638031,
          "Height": 0.044737569987773895,
          "Left": 0.405307412147522,
          "Top": 0.3846972584724426
        },
        "Polygon": [
          {
            "X": 0.405307412147522,
            "Y": 0.3847614824771881
          },
          {
            "X": 0.5625188946723938,
            "Y": 0.3846972584724426
          },
          {
            "X": 0.5625244975090027,
            "Y": 0.42937713861465454
          },
          {
            "X": 0.4053284525871277,
            "Y": 0.4294348359107971
          }
        ]
      },
      "Id": "17574125-fa4e-4bce-b91c-9c25e60b688d"
    },
    {
      "BlockType": "WORD",
      "Confidence": 99.852783203125,
      "Text": "Given",
      "TextType": "PRINTED",
      "Geometry": {
        "BoundingBox": {
          "Width": 0.06310734152793884,
          "Height": 0.030358953401446342,
          "Left": 0.47678324580192566,
          "Top": 0.45038479566574097
        },
        "Polygon": [
          {
            "X": 0.47678324580192566,
            "Y": 0.4504067599773407
          },
          {
            "X": 0.5398852825164795,
            "Y": 0.45038479566574097
          },
          {
            "X": 0.5398905873298645,
            "Y": 0.48072361946105957
          },
          {
            "X": 0.4767927825450897,
            "Y": 0.48074376583099365
          }
        ]
      },
      "Id": "a5dabebf-1fd5-4869-8a5d-4212d5fb3904"
    },
    {
      "BlockType": "WORD",
      "Confidence": 99.88043212890625,
      "Text": "Names",
      "TextType": "PRINTED",
      "Geometry": {
        "BoundingBox": {
          "Width": 0.07371621578931808,
          "Height": 0.031194793060421944,
          "Left": 0.5467694401741028,
          "Top": 0.4501437842845917
        },
        "Polygon": [
          {
            "X": 0.5467694401741028,
            "Y": 0.4501694142818451
          },
          {
            "X": 0.6204856634140015,
            "Y": 0.4501437842845917
          },
          {
            "X": 0.6204856038093567,
            "Y": 0.48131507635116577
          },
          {
            "X": 0.5467744469642639,
            "Y": 0.48133859038352966
          }
        ]
      },
      "Id": "7da671ff-e2eb-46e2-a000-baae1654d5a7"
    },
    {
      "BlockType": "WORD",
      "Confidence": 99.85767364501953,
      "Text": "HAPPY",
      "TextType": "PRINTED",
      "Geometry": {
        "BoundingBox": {
          "Width": 0.09815793484449387,
          "Height": 0.04255106672644615,
          "Left": 0.48062652349472046,
          "Top": 0.49663329124450684
        },
        "Polygon": [
          {
            "X": 0.48062652349472046,
            "Y": 0.4966632127761841
          },
          {
            "X": 0.5787806510925293,
            "Y": 0.49663329124450684
          },
          {
            "X": 0.5787844657897949,
            "Y": 0.5391583442687988
          },
          {
            "X": 0.4806395471096039,
            "Y": 0.5391843318939209
          }
        ]
      },
      "Id": "f8f4e1cb-98fe-492d-82e6-61efd967dc93"
    },
    {
      "BlockType": "WORD",
      "Confidence": 99.71733856201172,
      "Text": "Sex",
      "TextType": "PRINTED",
      "Geometry": {
        "BoundingBox": {
          "Width": 0.04067585989832878,
          "Height": 0.030374424532055855,
          "Left": 0.503618597984314,
          "Top": 0.5640649795532227
        },
        "Polygon": [
          {
            "X": 0.503618597984314,
            "Y": 0.5640748143196106
          },
          {
            "X": 0.5442894697189331,
            "Y": 0.5640649795532227
          },
          {
            "X": 0.5442944765090942,
            "Y": 0.594430685043335
          },
          {
            "X": 0.5036264061927795,
            "Y": 0.5944393873214722
          }
        ]
      },
      "Id": "78833446-89cf-46ee-961f-1a78fb5e71d0"
    },
    {
      "BlockType": "WORD",
      "Confidence": 99.47488403320312,
      "Text": "Date",
      "TextType": "PRINTED",
      "Geometry": {
        "BoundingBox": {
          "Width": 0.049533016979694366,
          "Height": 0.03072880022227764,
          "Left": 0.6046054363250732,
          "Top": 0.5633841753005981
        },
        "Polygon": [
          {
            "X": 0.6046054363250732,
            "Y": 0.5633962154388428
          },
          {
            "X": 0.654138445854187,
            "Y": 0.5633841753005981
          },
          {
            "X": 0.6541361212730408,
            "Y": 0.5941023826599121
          },
          {
            "X": 0.6046064496040344,
            "Y": 0.5941129922866821
          }
        ]
      },
      "Id": "0b309e9a-1c56-4934-a804-e999a2092f4d"
    },
    {
      "BlockType": "WORD",
      "Confidence": 99.96878814697266,
      "Text": "of",
      "TextType": "PRINTED",
      "Geometry": {
        "BoundingBox": {
          "Width": 0.025077596306800842,
          "Height": 0.031685587018728256,
          "Left": 0.6593471169471741,
          "Top": 0.5634419322013855
        },
        "Polygon": [
          {
            "X": 0.6593498587608337,
            "Y": 0.5634480118751526
          },
          {
            "X": 0.6844246983528137,
            "Y": 0.5634419322013855
          },
          {
            "X": 0.6844201683998108,
            "Y": 0.5951221585273743
          },
          {
            "X": 0.6593471169471741,
            "Y": 0.595127522945404
          }
        ]
      },
      "Id": "d8b1a051-d98e-4084-b3e0-5c0acd836312"
    },
    {
      "BlockType": "WORD",
      "Confidence": 99.94108581542969,
      "Text": "Birth",
      "TextType": "PRINTED",
      "Geometry": {
        "BoundingBox": {
          "Width": 0.05240534245967865,
          "Height": 0.030935442075133324,
          "Left": 0.688353419303894,
          "Top": 0.5634590983390808
        },
        "Polygon": [
          {
            "X": 0.6883581280708313,
            "Y": 0.5634718537330627
          },
          {
            "X": 0.7407587766647339,
            "Y": 0.5634590983390808
          },
          {
            "X": 0.7407505512237549,
            "Y": 0.5943833589553833
          },
          {
            "X": 0.688353419303894,
            "Y": 0.5943945646286011
          }
        ]
      },
      "Id": "9b5a18f9-8e6a-485b-9403-66ab0ccceed3"
    },
    {
      "BlockType": "WORD",
      "Confidence": 98.76641082763672,
      "Text": "M",
      "TextType": "HANDWRITING",
      "Geometry": {
        "BoundingBox": {
          "Width": 0.024152806028723717,
          "Height": 0.0389682874083519,
          "Left": 0.5037035346031189,
          "Top": 0.617770254611969
        },
        "Polygon": [
          {
            "X": 0.5037035346031189,
            "Y": 0.6177749037742615
          },
          {
            "X": 0.527848482131958,
            "Y": 0.617770254611969
          },
          {
            "X": 0.5278563499450684,
            "Y": 0.6567347645759583
          },
          {
            "X": 0.5037134885787964,
            "Y": 0.6567385792732239
          }
        ]
      },
      "Id": "363a015a-09e9-464f-a8dc-e4320401446c"
    },
    {
      "BlockType": "WORD",
      "Confidence": 99.7227554321289,
      "Text": "1",
      "TextType": "PRINTED",
      "Geometry": {
        "BoundingBox": {
          "Width": 0.011489439755678177,
          "Height": 0.04455859959125519,
          "Left": 0.5836540460586548,
          "Top": 0.6054432392120361
        },
        "Polygon": [
          {
            "X": 0.5836540460586548,
            "Y": 0.6054455637931824
          },
          {
            "X": 0.5951410531997681,
            "Y": 0.6054432392120361
          },
          {
            "X": 0.5951434969902039,
            "Y": 0.6499999761581421
          },
          {
            "X": 0.5836575627326965,
            "Y": 0.6500018239021301
          }
        ]
      },
      "Id": "0a729ba7-b624-4a12-9fe5-44b3b47389a2"
    },
    {
      "BlockType": "WORD",
      "Confidence": 99.81949615478516,
      "Text": "JAN",
      "TextType": "PRINTED",
      "Geometry": {
        "BoundingBox": {
          "Width": 0.05978573113679886,
          "Height": 0.04440627619624138,
          "Left": 0.6078431606292725,
          "Top": 0.6056436896324158
        },
        "Polygon": [
          {
            "X": 0.6078431606292725,
            "Y": 0.60565584897995
          },
          {
            "X": 0.6676288843154907,
            "Y": 0.6056436896324158
          },
          {
            "X": 0.6676242351531982,
            "Y": 0.6500402688980103
          },
          {
            "X": 0.6078442931175232,
            "Y": 0.6500499844551086
          }
        ]
      },
      "Id": "b9f327a2-1358-4b77-a504-7d01e19a83c5"
    },
    {
      "BlockType": "WORD",
      "Confidence": 99.87487030029297,
      "Text": "1981",
      "TextType": "PRINTED",
      "Geometry": {
        "BoundingBox": {
          "Width": 0.061556361615657806,
          "Height": 0.044050514698028564,
          "Left": 0.6779165267944336,
          "Top": 0.6059512495994568
        },
        "Polygon": [
          {
            "X": 0.6779221892356873,
            "Y": 0.6059637665748596
          },
          {
            "X": 0.7394729256629944,
            "Y": 0.6059512495994568
          },
          {
            "X": 0.7394613027572632,
            "Y": 0.6499918103218079
          },
          {
            "X": 0.6779165267944336,
            "Y": 0.6500017642974854
          }
        ]
      },
      "Id": "1ac8fa3b-6aa1-4623-abc1-645bfc25aeca"
    },
    {
      "BlockType": "WORD",
      "Confidence": 99.4786376953125,
      "Text": "Place",
      "TextType": "PRINTED",
      "Geometry": {
        "BoundingBox": {
          "Width": 0.05907773971557617,
          "Height": 0.03067205287516117,
          "Left": 0.5342505574226379,
          "Top": 0.6759385466575623
        },
        "Polygon": [
          {
            "X": 0.5342505574226379,
            "Y": 0.6759467124938965
          },
          {
            "X": 0.5933265089988708,
            "Y": 0.6759385466575623
          },
          {
            "X": 0.5933282971382141,
            "Y": 0.7066041231155396
          },
          {
            "X": 0.5342563390731812,
            "Y": 0.7066106200218201
          }
        ]
      },
      "Id": "1b46628c-ff1b-498b-9404-9bc5f3a0689a"
    },
    {
      "BlockType": "WORD",
      "Confidence": 99.98400115966797,
      "Text": "of",
      "TextType": "PRINTED",
      "Geometry": {
        "BoundingBox": {
          "Width": 0.023700496181845665,
          "Height": 0.03110920824110508,
          "Left": 0.5989369750022888,
          "Top": 0.6757157444953918
        },
        "Polygon": [
          {
            "X": 0.5989369750022888,
            "Y": 0.6757190227508545
          },
          {
            "X": 0.6226374506950378,
            "Y": 0.6757157444953918
          },
          {
            "X": 0.6226372718811035,
            "Y": 0.7068223357200623
          },
          {
            "X": 0.5989384055137634,
            "Y": 0.7068249583244324
          }
        ]
      },
      "Id": "61747daa-7b79-42fb-9196-89b07d82f85e"
    },
    {
      "BlockType": "WORD",
      "Confidence": 99.93653869628906,
      "Text": "Birth",
      "TextType": "PRINTED",
      "Geometry": {
        "BoundingBox": {
          "Width": 0.052166398614645004,
          "Height": 0.031945399940013885,
          "Left": 0.6280018091201782,
          "Top": 0.6750529408454895
        },
        "Polygon": [
          {
            "X": 0.628002405166626,
            "Y": 0.6750601530075073
          },
          {
            "X": 0.6801682114601135,
            "Y": 0.6750529408454895
          },
          {
            "X": 0.6801639795303345,
            "Y": 0.7069926261901855
          },
          {
            "X": 0.6280018091201782,
            "Y": 0.706998348236084
          }
        ]
      },
      "Id": "114b1689-85cf-4357-8d1f-ac92afe53ac7"
    },
    {
      "BlockType": "WORD",
      "Confidence": 99.86622619628906,
      "Text": "NEW",
      "TextType": "PRINTED",
      "Geometry": {
        "BoundingBox": {
          "Width": 0.06961629539728165,
          "Height": 0.042644135653972626,
          "Left": 0.480671763420105,
          "Top": 0.7223283052444458
        },
        "Polygon": [
          {
            "X": 0.480671763420105,
            "Y": 0.7223349213600159
          },
          {
            "X": 0.5502815246582031,
            "Y": 0.7223283052444458
          },
          {
            "X": 0.5502880215644836,
            "Y": 0.7649685740470886
          },
          {
            "X": 0.4806847870349884,
            "Y": 0.764972448348999
          }
        ]
      },
      "Id": "c23678b8-be93-4fa8-b5cb-a69079e6b0da"
    },
    {
      "BlockType": "WORD",
      "Confidence": 95.70781707763672,
      "Text": "YORK.",
      "TextType": "PRINTED",
      "Geometry": {
        "BoundingBox": {
          "Width": 0.08868835866451263,
          "Height": 0.044543854892253876,
          "Left": 0.5583577156066895,
          "Top": 0.7222884297370911
        },
        "Polygon": [
          {
            "X": 0.5583577156066895,
            "Y": 0.7222968339920044
          },
          {
            "X": 0.6470460295677185,
            "Y": 0.7222884297370911
          },
          {
            "X": 0.6470434069633484,
            "Y": 0.7668274641036987
          },
          {
            "X": 0.5583637356758118,
            "Y": 0.7668322324752808
          }
        ]
      },
      "Id": "93b8a23b-49ee-421c-b43c-335cd8761127"
    },
    {
      "BlockType": "WORD",
      "Confidence": 98.39122009277344,
      "Text": "U.S.A.",
      "TextType": "PRINTED",
      "Geometry": {
        "BoundingBox": {
          "Width": 0.08487212657928467,
          "Height": 0.04353192448616028,
          "Left": 0.6576827168464661,
          "Top": 0.7217568159103394
        },
        "Polygon": [
          {
            "X": 0.6576863527297974,
            "Y": 0.7217649221420288
          },
          {
            "X": 0.7425549030303955,
            "Y": 0.7217568159103394
          },
          {
            "X": 0.74254310131073,
            "Y": 0.76528400182724
          },
          {
            "X": 0.6576827168464661,
            "Y": 0.7652887105941772
          }
        ]
      },
      "Id": "c388fc0b-5d16-41cb-ba91-ad6a13b5ce9c"
    },
    {
      "BlockType": "WORD",
      "Confidence": 69.49815368652344,
      "Text": "S",
      "TextType": "PRINTED",
      "Geometry": {
        "BoundingBox": {
          "Width": 0.016700638458132744,
          "Height": 0.03401269391179085,
          "Left": 0.007647577673196793,
          "Top": 0.7939584255218506
        },
        "Polygon": [
          {
            "X": 0.007647577673196793,
            "Y": 0.7939589023590088
          },
          {
            "X": 0.02430366352200508,
            "Y": 0.7939584255218506
          },
          {
            "X": 0.024348216131329536,
            "Y": 0.8279711008071899
          },
          {
            "X": 0.007693376392126083,
            "Y": 0.8279710412025452
          }
        ]
      },
      "Id": "f34f1350-bb06-490e-a67e-6742d51eae2f"
    },
    {
      "BlockType": "WORD",
      "Confidence": 98.6792221069336,
      "Text": "Issued",
      "TextType": "PRINTED",
      "Geometry": {
        "BoundingBox": {
          "Width": 0.07076714932918549,
          "Height": 0.031017661094665527,
          "Left": 0.4838223159313202,
          "Top": 0.7846160531044006
        },
        "Polygon": [
          {
            "X": 0.4838223159313202,
            "Y": 0.7846187353134155
          },
          {
            "X": 0.5545849800109863,
            "Y": 0.7846160531044006
          },
          {
            "X": 0.5545894503593445,
            "Y": 0.8156331181526184
          },
          {
            "X": 0.48383158445358276,
            "Y": 0.8156337141990662
          }
        ]
      },
      "Id": "e567f199-0900-4039-be28-10b8466bc7e7"
    },
    {
      "BlockType": "WORD",
      "Confidence": 99.68758392333984,
      "Text": "On",
      "TextType": "PRINTED",
      "Geometry": {
        "BoundingBox": {
          "Width": 0.03052961640059948,
          "Height": 0.03051561303436756,
          "Left": 0.5628965497016907,
          "Top": 0.7858248949050903
        },
        "Polygon": [
          {
            "X": 0.5628965497016907,
            "Y": 0.7858259677886963
          },
          {
            "X": 0.5934244394302368,
            "Y": 0.7858248949050903
          },
          {
            "X": 0.5934261679649353,
            "Y": 0.8163402676582336
          },
          {
            "X": 0.5629003643989563,
            "Y": 0.8163405060768127
          }
        ]
      },
      "Id": "30d53cf7-9ed2-406d-a1ec-79404785aa54"
    },
    {
      "BlockType": "WORD",
      "Confidence": 99.70040130615234,
      "Text": "Expires",
      "TextType": "PRINTED",
      "Geometry": {
        "BoundingBox": {
          "Width": 0.08060929924249649,
          "Height": 0.035642702132463455,
          "Left": 0.6924028396606445,
          "Top": 0.7817248702049255
        },
        "Polygon": [
          {
            "X": 0.6924085021018982,
            "Y": 0.7817280888557434
          },
          {
            "X": 0.7730121612548828,
            "Y": 0.7817248702049255
          },
          {
            "X": 0.7730001211166382,
            "Y": 0.8173670172691345
          },
          {
            "X": 0.6924028396606445,
            "Y": 0.8173675537109375
          }
        ]
      },
      "Id": "30c94b97-bce5-4060-a693-1a51589c119b"
    },
    {
      "BlockType": "WORD",
      "Confidence": 99.72654724121094,
      "Text": "On",
      "TextType": "PRINTED",
      "Geometry": {
        "BoundingBox": {
          "Width": 0.029915353283286095,
          "Height": 0.02950453571975231,
          "Left": 0.7808260917663574,
          "Top": 0.7827318906784058
        },
        "Polygon": [
          {
            "X": 0.7808365225791931,
            "Y": 0.7827330827713013
          },
          {
            "X": 0.8107414245605469,
            "Y": 0.7827318906784058
          },
          {
            "X": 0.8107290267944336,
            "Y": 0.8122360706329346
          },
          {
            "X": 0.7808260917663574,
            "Y": 0.8122364282608032
          }
        ]
      },
      "Id": "f432bd64-52e4-48dd-a1e7-b3b24199136c"
    },
    {
      "BlockType": "WORD",
      "Confidence": 41.29173278808594,
      "Text": "BES",
      "TextType": "PRINTED",
      "Geometry": {
        "BoundingBox": {
          "Width": 0.05631234124302864,
          "Height": 0.036092910915613174,
          "Left": 0.15479226410388947,
          "Top": 0.8101717233657837
        },
        "Polygon": [
          {
            "X": 0.15479226410388947,
            "Y": 0.810172438621521
          },
          {
            "X": 0.2110721617937088,
            "Y": 0.8101717233657837
          },
          {
            "X": 0.211104616522789,
            "Y": 0.8462646007537842
          },
          {
            "X": 0.15482918918132782,
            "Y": 0.8462634682655334
          }
        ]
      },
      "Id": "27b46661-17bc-460c-82df-c96952d03379"
    },
    {
      "BlockType": "WORD",
      "Confidence": 96.27064514160156,
      "Text": "+",
      "TextType": "PRINTED",
      "Geometry": {
        "BoundingBox": {
          "Width": 0.02068416029214859,
          "Height": 0.03381163626909256,
          "Left": 0.005445662420243025,
          "Top": 0.8443329930305481
        },
        "Polygon": [
          {
            "X": 0.005445662420243025,
            "Y": 0.8443329930305481
          },
          {
            "X": 0.026085661724209785,
            "Y": 0.8443333506584167
          },
          {
            "X": 0.026129823178052902,
            "Y": 0.8781446218490601
          },
          {
            "X": 0.005491358228027821,
            "Y": 0.8781436085700989
          }
        ]
      },
      "Id": "ffb88f67-9b68-482d-a781-224798c5d6c4"
    },
    {
      "BlockType": "WORD",
      "Confidence": 99.84833526611328,
      "Text": "30",
      "TextType": "PRINTED",
      "Geometry": {
        "BoundingBox": {
          "Width": 0.03374359756708145,
          "Height": 0.04207736998796463,
          "Left": 0.4884141981601715,
          "Top": 0.8200954794883728
        },
        "Polygon": [
          {
            "X": 0.4884141981601715,
            "Y": 0.8200955986976624
          },
          {
            "X": 0.5221487283706665,
            "Y": 0.8200954794883728
          },
          {
            "X": 0.5221577882766724,
            "Y": 0.8621728420257568
          },
          {
            "X": 0.4884263277053833,
            "Y": 0.8621716499328613
          }
        ]
      },
      "Id": "2b667d37-548a-42a1-9ba0-3663da23a1a2"
    },
    {
      "BlockType": "WORD",
      "Confidence": 99.80943298339844,
      "Text": "NOV",
      "TextType": "PRINTED",
      "Geometry": {
        "BoundingBox": {
          "Width": 0.06207117810845375,
          "Height": 0.04129114747047424,
          "Left": 0.5314486622810364,
          "Top": 0.8203420639038086
        },
        "Polygon": [
          {
            "X": 0.5314486622810364,
            "Y": 0.8203423023223877
          },
          {
            "X": 0.5935174226760864,
            "Y": 0.8203420639038086
          },
          {
            "X": 0.5935198068618774,
            "Y": 0.8616331815719604
          },
          {
            "X": 0.531456708908081,
            "Y": 0.8616310954093933
          }
        ]
      },
      "Id": "30e55f7a-4f04-4733-b012-9443ab702e63"
    },
    {
      "BlockType": "WORD",
      "Confidence": 99.81036376953125,
      "Text": "2009",
      "TextType": "PRINTED",
      "Geometry": {
        "BoundingBox": {
          "Width": 0.068243607878685,
          "Height": 0.04461052641272545,
          "Left": 0.6001850366592407,
          "Top": 0.8191382884979248
        },
        "Polygon": [
          {
            "X": 0.6001850366592407,
            "Y": 0.8191386461257935
          },
          {
            "X": 0.6684286594390869,
            "Y": 0.8191382884979248
          },
          {
            "X": 0.6684238910675049,
            "Y": 0.8637488484382629
          },
          {
            "X": 0.6001869440078735,
            "Y": 0.8637463450431824
          }
        ]
      },
      "Id": "03a83003-0089-4fbd-bc5e-e20f856f738c"
    },
    {
      "BlockType": "WORD",
      "Confidence": 99.84589385986328,
      "Text": "29",
      "TextType": "PRINTED",
      "Geometry": {
        "BoundingBox": {
          "Width": 0.03340614214539528,
          "Height": 0.043578166514635086,
          "Left": 0.7048352956771851,
          "Top": 0.8220188617706299
        },
        "Polygon": [
          {
            "X": 0.7048434615135193,
            "Y": 0.8220189809799194
          },
          {
            "X": 0.73824143409729,
            "Y": 0.8220188617706299
          },
          {
            "X": 0.7382301092147827,
            "Y": 0.8655970692634583
          },
          {
            "X": 0.7048352956771851,
            "Y": 0.865595817565918
          }
        ]
      },
      "Id": "d4f2c260-79a0-44a9-bf6f-be984c902fbf"
    },
    {
      "BlockType": "WORD",
      "Confidence": 99.77152252197266,
      "Text": "NOV",
      "TextType": "PRINTED",
      "Geometry": {
        "BoundingBox": {
          "Width": 0.061899203807115555,
          "Height": 0.04181693121790886,
          "Left": 0.7475467920303345,
          "Top": 0.8222766518592834
        },
        "Polygon": [
          {
            "X": 0.7475585341453552,
            "Y": 0.8222768306732178
          },
          {
            "X": 0.8094459772109985,
            "Y": 0.8222766518592834
          },
          {
            "X": 0.8094285130500793,
            "Y": 0.8640936017036438
          },
          {
            "X": 0.7475467920303345,
            "Y": 0.8640913367271423
          }
        ]
      },
      "Id": "50c34fbb-b8fc-40b8-bfd9-885d1412201c"
    },
    {
      "BlockType": "WORD",
      "Confidence": 96.25819396972656,
      "Text": "2019",
      "TextType": "PRINTED",
      "Geometry": {
        "BoundingBox": {
          "Width": 0.0703931450843811,
          "Height": 0.042508404701948166,
          "Left": 0.8169903755187988,
          "Top": 0.8226972222328186
        },
        "Polygon": [
          {
            "X": 0.8170087933540344,
            "Y": 0.8226974010467529
          },
          {
            "X": 0.8873835206031799,
            "Y": 0.8226972222328186
          },
          {
            "X": 0.8873584866523743,
            "Y": 0.8652056455612183
          },
          {
            "X": 0.8169903755187988,
            "Y": 0.8652030229568481
          }
        ]
      },
      "Id": "94f93214-cef7-4c07-958a-8f7a46c8b119"
    },
    {
      "BlockType": "WORD",
      "Confidence": 98.77236938476562,
      "Text": "M-6131821-07",
      "TextType": "PRINTED",
      "Geometry": {
        "BoundingBox": {
          "Width": 0.19236677885055542,
          "Height": 0.04177919402718544,
          "Left": 0.06697265803813934,
          "Top": 0.866301417350769
        },
        "Polygon": [
          {
            "X": 0.06697265803813934,
            "Y": 0.866301417350769
          },
          {
            "X": 0.25930631160736084,
            "Y": 0.8663088083267212
          },
          {
            "X": 0.25933945178985596,
            "Y": 0.9080806374549866
          },
          {
            "X": 0.06702344864606857,
            "Y": 0.9080657958984375
          }
        ]
      },
      "Id": "e3181ca1-acba-4710-ad98-8a8c1cc9c24d"
    },
    {
      "BlockType": "WORD",
      "Confidence": 98.34634399414062,
      "Text": "1-02781-0",
      "TextType": "PRINTED",
      "Geometry": {
        "BoundingBox": {
          "Width": 0.12050510942935944,
          "Height": 0.03567966818809509,
          "Left": 0.8073073625564575,
          "Top": 0.8774397373199463
        },
        "Polygon": [
          {
            "X": 0.807322084903717,
            "Y": 0.8774397373199463
          },
          {
            "X": 0.9278124570846558,
            "Y": 0.8774455785751343
          },
          {
            "X": 0.927788257598877,
            "Y": 0.913119375705719
          },
          {
            "X": 0.8073073625564575,
            "Y": 0.913109540939331
          }
        ]
      },
      "Id": "ee0a4ff2-9543-4dd3-afce-b9630e23e373"
    },
    {
      "BlockType": "WORD",
      "Confidence": 65.13270568847656,
      "Text": "UNITEO",
      "TextType": "PRINTED",
      "Geometry": {
        "BoundingBox": {
          "Width": 0.12637385725975037,
          "Height": 0.034715685993433,
          "Left": 0.15207386016845703,
          "Top": 0.9220466613769531
        },
        "Polygon": [
          {
            "X": 0.15207386016845703,
            "Y": 0.9220466613769531
          },
          {
            "X": 0.27842164039611816,
            "Y": 0.9220580458641052
          },
          {
            "X": 0.2784477174282074,
            "Y": 0.9567623734474182
          },
          {
            "X": 0.15210957825183868,
            "Y": 0.9567468762397766
          }
        ]
      },
      "Id": "a91514ea-b496-4045-90c0-624da8622e35"
    },
    {
      "BlockType": "WORD",
      "Confidence": 99.57945251464844,
      "Text": "STATES",
      "TextType": "PRINTED",
      "Geometry": {
        "BoundingBox": {
          "Width": 0.1304209679365158,
          "Height": 0.030524343252182007,
          "Left": 0.29184451699256897,
          "Top": 0.9234421849250793
        },
        "Polygon": [
          {
            "X": 0.29184451699256897,
            "Y": 0.9234421849250793
          },
          {
            "X": 0.42225223779678345,
            "Y": 0.9234541058540344
          },
          {
            "X": 0.42226549983024597,
            "Y": 0.9539665579795837
          },
          {
            "X": 0.2918665409088135,
            "Y": 0.9539509415626526
          }
        ]
      },
      "Id": "7d229f37-bf7f-4de6-8efa-530c5f8e47e4"
    },
    {
      "BlockType": "WORD",
      "Confidence": 20.04293441772461,
      "Text": "WF",
      "TextType": "PRINTED",
      "Geometry": {
        "BoundingBox": {
          "Width": 0.04374261572957039,
          "Height": 0.030068280175328255,
          "Left": 0.6796953678131104,
          "Top": 0.9227631688117981
        },
        "Polygon": [
          {
            "X": 0.6796993017196655,
            "Y": 0.9227631688117981
          },
          {
            "X": 0.7234379649162292,
            "Y": 0.922767162322998
          },
          {
            "X": 0.7234311103820801,
            "Y": 0.9528314471244812
          },
          {
            "X": 0.6796953678131104,
            "Y": 0.9528262615203857
          }
        ]
      },
      "Id": "396f222c-28f2-4128-9a9e-2a618ab20ad5"
    },
    {
      "BlockType": "WORD",
      "Confidence": 97.36309051513672,
      "Text": "STATE",
      "TextType": "PRINTED",
      "Geometry": {
        "BoundingBox": {
          "Width": 0.1092420369386673,
          "Height": 0.03115912340581417,
          "Left": 0.7367551326751709,
          "Top": 0.9216897487640381
        },
        "Polygon": [
          {
            "X": 0.7367631196975708,
            "Y": 0.9216897487640381
          },
          {
            "X": 0.845997154712677,
            "Y": 0.9216995239257812
          },
          {
            "X": 0.8459816575050354,
            "Y": 0.9528488516807556
          },
          {
            "X": 0.7367551326751709,
            "Y": 0.9528358578681946
          }
        ]
      },
      "Id": "675e9db7-651c-4977-91e9-4d357010ea88"
    },
    {
      "BlockType": "KEY_VALUE_SET",
      "Confidence": 93.5,
      "Geometry": {
        "BoundingBox": {
          "Width": 0.11645526438951492,
          "Height": 0.03755638003349304,
          "Left": 0.4019162058830261,
          "Top": 0.22803537547588348
        },
        "Polygon": [
          {
            "X": 0.4019162058830261,
            "Y": 0.22809989750385284
          },
          {
            "X": 0.5183631181716919,
            "Y": 0.22803537547588348
          },
          {
            "X": 0.5183714628219604,
            "Y": 0.2655313014984131
          },
          {
            "X": 0.4019341468811035,
            "Y": 0.2655917704105377
          }
        ]
      },
      "Id": "dbcb6094-a125-4eac-811b-86aaa088bd03",
      "Relationships": [
        {
          "Type": "VALUE",
          "Ids": [
            "6d502f45-74b5-4a5c-a239-6db54fa2171f"
          ]
        },
        {
          "Type": "CHILD",
          "Ids": [
            "e4ad0aa5-73bb-4977-b803-179504fe2a65"
          ]
        }
      ],
      "EntityTypes": [
        "KEY"
      ]
    },
    {
      "BlockType": "KEY_VALUE_SET",
      "Confidence": 93.5,
      "Geometry": {
        "BoundingBox": {
          "Width": 0.06125941127538681,
          "Height": 0.04166839271783829,
          "Left": 0.42313152551651,
          "Top": 0.27043649554252625
        },
        "Polygon": [
          {
            "X": 0.42313152551651,
            "Y": 0.2704680263996124
          },
          {
            "X": 0.48437854647636414,
            "Y": 0.27043649554252625
          },
          {
            "X": 0.4843909442424774,
            "Y": 0.31207573413848877
          },
          {
            "X": 0.4231495261192322,
            "Y": 0.31210488080978394
          }
        ]
      },
      "Id": "6d502f45-74b5-4a5c-a239-6db54fa2171f",
      "Relationships": [
        {
          "Type": "CHILD",
          "Ids": [
            "85715340-70a5-4d69-af4d-c8380e20156f"
          ]
        }
      ],
      "EntityTypes": [
        "VALUE"
      ]
    },
    {
      "BlockType": "KEY_VALUE_SET",
      "Confidence": 87.5,
      "Geometry": {
        "BoundingBox": {
          "Width": 0.14136557281017303,
          "Height": 0.029733404517173767,
          "Left": 0.4779147505760193,
          "Top": 0.45039159059524536
        },
        "Polygon": [
          {
            "X": 0.4779147505760193,
            "Y": 0.45044073462486267
          },
          {
            "X": 0.6192802786827087,
            "Y": 0.45039159059524536
          },
          {
            "X": 0.6192803382873535,
            "Y": 0.4800797700881958
          },
          {
            "X": 0.47792401909828186,
            "Y": 0.48012498021125793
          }
        ]
      },
      "Id": "73e58af7-b1ef-4792-952b-28e590ed825e",
      "Relationships": [
        {
          "Type": "VALUE",
          "Ids": [
            "866cbc48-2918-4274-b7e8-314ede530d12"
          ]
        },
        {
          "Type": "CHILD",
          "Ids": [
            "a5dabebf-1fd5-4869-8a5d-4212d5fb3904",
            "7da671ff-e2eb-46e2-a000-baae1654d5a7"
          ]
        }
      ],
      "EntityTypes": [
        "KEY"
      ]
    },
    {
      "BlockType": "KEY_VALUE_SET",
      "Confidence": 87.5,
      "Geometry": {
        "BoundingBox": {
          "Width": 0.09776043146848679,
          "Height": 0.04187731072306633,
          "Left": 0.4810221791267395,
          "Top": 0.497952938079834
        },
        "Polygon": [
          {
            "X": 0.4810221791267395,
            "Y": 0.49798259139060974
          },
          {
            "X": 0.5787788033485413,
            "Y": 0.497952938079834
          },
          {
            "X": 0.5787826180458069,
            "Y": 0.5398043990135193
          },
          {
            "X": 0.48103493452072144,
            "Y": 0.5398302674293518
          }
        ]
      },
      "Id": "866cbc48-2918-4274-b7e8-314ede530d12",
      "Relationships": [
        {
          "Type": "CHILD",
          "Ids": [
            "f8f4e1cb-98fe-492d-82e6-61efd967dc93"
          ]
        }
      ],
      "EntityTypes": [
        "VALUE"
      ]
    },
    {
      "BlockType": "KEY_VALUE_SET",
      "Confidence": 79,
      "Geometry": {
        "BoundingBox": {
          "Width": 0.11692708730697632,
          "Height": 0.03523681312799454,
          "Left": 0.6943161487579346,
          "Top": 0.7807503342628479
        },
        "Polygon": [
          {
            "X": 0.6943219304084778,
            "Y": 0.7807551622390747
          },
          {
            "X": 0.8112432360649109,
            "Y": 0.7807503342628479
          },
          {
            "X": 0.8112283945083618,
            "Y": 0.8159862160682678
          },
          {
            "X": 0.6943161487579346,
            "Y": 0.8159871697425842
          }
        ]
      },
      "Id": "121c14b2-a37a-43be-a5b5-53838dc8a2b7",
      "Relationships": [
        {
          "Type": "VALUE",
          "Ids": [
            "ca3632cc-ca00-4df9-b144-184b5539627d"
          ]
        },
        {
          "Type": "CHILD",
          "Ids": [
            "30c94b97-bce5-4060-a693-1a51589c119b",
            "f432bd64-52e4-48dd-a1e7-b3b24199136c"
          ]
        }
      ],
      "EntityTypes": [
        "KEY"
      ]
    },
    {
      "BlockType": "KEY_VALUE_SET",
      "Confidence": 79,
      "Geometry": {
        "BoundingBox": {
          "Width": 0.18050044775009155,
          "Height": 0.042090896517038345,
          "Left": 0.7051470279693604,
          "Top": 0.8224405646324158
        },
        "Polygon": [
          {
            "X": 0.7051549553871155,
            "Y": 0.8224409818649292
          },
          {
            "X": 0.8856474757194519,
            "Y": 0.8224405646324158
          },
          {
            "X": 0.8856228590011597,
            "Y": 0.8645314574241638
          },
          {
            "X": 0.7051470279693604,
            "Y": 0.8645248413085938
          }
        ]
      },
      "Id": "ca3632cc-ca00-4df9-b144-184b5539627d",
      "Relationships": [
        {
          "Type": "CHILD",
          "Ids": [
            "d4f2c260-79a0-44a9-bf6f-be984c902fbf",
            "50c34fbb-b8fc-40b8-bfd9-885d1412201c",
            "94f93214-cef7-4c07-958a-8f7a46c8b119"
          ]
        }
      ],
      "EntityTypes": [
        "VALUE"
      ]
    },
    {
      "BlockType": "KEY_VALUE_SET",
      "Confidence": 73,
      "Geometry": {
        "BoundingBox": {
          "Width": 0.22001944482326508,
          "Height": 0.040476731956005096,
          "Left": 0.703784704208374,
          "Top": 0.20234888792037964
        },
        "Polygon": [
          {
            "X": 0.703792154788971,
            "Y": 0.20247596502304077
          },
          {
            "X": 0.9238041639328003,
            "Y": 0.20234888792037964
          },
          {
            "X": 0.923777163028717,
            "Y": 0.2427067756652832
          },
          {
            "X": 0.703784704208374,
            "Y": 0.24282561242580414
          }
        ]
      },
      "Id": "75a23579-11eb-46f0-89b7-a603a7df5acf",
      "Relationships": [
        {
          "Type": "VALUE",
          "Ids": [
            "8ae497b3-aff5-418e-85db-2ff6475c89f7"
          ]
        },
        {
          "Type": "CHILD",
          "Ids": [
            "3d2dcb6c-9e38-4bf5-996f-f3c5fe23ac55",
            "3ade636d-ce3d-45b9-a71c-461a06ee591b",
            "ae470ba6-961c-43f3-b0cb-eace89a083c2"
          ]
        }
      ],
      "EntityTypes": [
        "KEY"
      ]
    },
    {
      "BlockType": "KEY_VALUE_SET",
      "Confidence": 73,
      "Geometry": {
        "BoundingBox": {
          "Width": 0.1961188167333603,
          "Height": 0.05280378460884094,
          "Left": 0.7141972780227661,
          "Top": 0.24866294860839844
        },
        "Polygon": [
          {
            "X": 0.71420818567276,
            "Y": 0.24876779317855835
          },
          {
            "X": 0.9103161096572876,
            "Y": 0.24866294860839844
          },
          {
            "X": 0.9102824330329895,
            "Y": 0.3013714849948883
          },
          {
            "X": 0.7141972780227661,
            "Y": 0.3014667332172394
          }
        ]
      },
      "Id": "8ae497b3-aff5-418e-85db-2ff6475c89f7",
      "Relationships": [
        {
          "Type": "CHILD",
          "Ids": [
            "7b2e20b6-4ff2-4a9c-a272-80d7105ce966"
          ]
        }
      ],
      "EntityTypes": [
        "VALUE"
      ]
    },
    {
      "BlockType": "KEY_VALUE_SET",
      "Confidence": 55,
      "Geometry": {
        "BoundingBox": {
          "Width": 0.09574844688177109,
          "Height": 0.030643999576568604,
          "Left": 0.38021212816238403,
          "Top": 0.3404640853404999
        },
        "Polygon": [
          {
            "X": 0.38021212816238403,
            "Y": 0.3405071496963501
          },
          {
            "X": 0.4759508967399597,
            "Y": 0.3404640853404999
          },
          {
            "X": 0.4759605824947357,
            "Y": 0.37106776237487793
          },
          {
            "X": 0.3802282512187958,
            "Y": 0.3711080849170685
          }
        ]
      },
      "Id": "a73cf89f-acd2-4de7-a984-05d5a7355141",
      "Relationships": [
        {
          "Type": "VALUE",
          "Ids": [
            "438f492c-3b6b-4682-bc7d-bf6f625b12c5"
          ]
        },
        {
          "Type": "CHILD",
          "Ids": [
            "60b36b7d-38bd-4ea1-b498-431637d1628b"
          ]
        }
      ],
      "EntityTypes": [
        "KEY"
      ]
    },
    {
      "BlockType": "KEY_VALUE_SET",
      "Confidence": 55,
      "Geometry": {
        "BoundingBox": {
          "Width": 0.15810340642929077,
          "Height": 0.039828576147556305,
          "Left": 0.4044547975063324,
          "Top": 0.3868725597858429
        },
        "Polygon": [
          {
            "X": 0.4044547975063324,
            "Y": 0.38693681359291077
          },
          {
            "X": 0.5625532269477844,
            "Y": 0.3868725597858429
          },
          {
            "X": 0.5625581741333008,
            "Y": 0.42664268612861633
          },
          {
            "X": 0.40447360277175903,
            "Y": 0.4267011284828186
          }
        ]
      },
      "Id": "438f492c-3b6b-4682-bc7d-bf6f625b12c5",
      "Relationships": [
        {
          "Type": "CHILD",
          "Ids": [
            "17574125-fa4e-4bce-b91c-9c25e60b688d"
          ]
        }
      ],
      "EntityTypes": [
        "VALUE"
      ]
    },
    {
      "BlockType": "KEY_VALUE_SET",
      "Confidence": 51,
      "Geometry": {
        "BoundingBox": {
          "Width": 0.14505290985107422,
          "Height": 0.03306402266025543,
          "Left": 0.5344619750976562,
          "Top": 0.6751376986503601
        },
        "Polygon": [
          {
            "X": 0.5344619750976562,
            "Y": 0.6751578450202942
          },
          {
            "X": 0.6795148849487305,
            "Y": 0.6751376986503601
          },
          {
            "X": 0.6795105338096619,
            "Y": 0.7081860303878784
          },
          {
            "X": 0.5344681739807129,
            "Y": 0.7082017064094543
          }
        ]
      },
      "Id": "aab7078d-8a02-40ce-82b7-52381e478a9d",
      "Relationships": [
        {
          "Type": "VALUE",
          "Ids": [
            "1cdad493-418f-4385-acdf-7b765039d136"
          ]
        },
        {
          "Type": "CHILD",
          "Ids": [
            "1b46628c-ff1b-498b-9404-9bc5f3a0689a",
            "61747daa-7b79-42fb-9196-89b07d82f85e",
            "114b1689-85cf-4357-8d1f-ac92afe53ac7"
          ]
        }
      ],
      "EntityTypes": [
        "KEY"
      ]
    },
    {
      "BlockType": "KEY_VALUE_SET",
      "Confidence": 51,
      "Geometry": {
        "BoundingBox": {
          "Width": 0.26283255219459534,
          "Height": 0.045785605907440186,
          "Left": 0.4790734648704529,
          "Top": 0.7209814786911011
        },
        "Polygon": [
          {
            "X": 0.4790734648704529,
            "Y": 0.7210068702697754
          },
          {
            "X": 0.7419059872627258,
            "Y": 0.7209814786911011
          },
          {
            "X": 0.7418937087059021,
            "Y": 0.7667528986930847
          },
          {
            "X": 0.47908762097358704,
            "Y": 0.7667670845985413
          }
        ]
      },
      "Id": "1cdad493-418f-4385-acdf-7b765039d136",
      "Relationships": [
        {
          "Type": "CHILD",
          "Ids": [
            "c23678b8-be93-4fa8-b5cb-a69079e6b0da",
            "93b8a23b-49ee-421c-b43c-335cd8761127",
            "c388fc0b-5d16-41cb-ba91-ad6a13b5ce9c"
          ]
        }
      ],
      "EntityTypes": [
        "VALUE"
      ]
    },
    {
      "BlockType": "KEY_VALUE_SET",
      "Confidence": 46.5,
      "Geometry": {
        "BoundingBox": {
          "Width": 0.1361800581216812,
          "Height": 0.02984427660703659,
          "Left": 0.6047630906105042,
          "Top": 0.5638994574546814
        },
        "Polygon": [
          {
            "X": 0.6047630906105042,
            "Y": 0.5639324188232422
          },
          {
            "X": 0.740943193435669,
            "Y": 0.5638994574546814
          },
          {
            "X": 0.740935206413269,
            "Y": 0.5937144756317139
          },
          {
            "X": 0.6047641038894653,
            "Y": 0.5937437415122986
          }
        ]
      },
      "Id": "5730db7d-4238-48c6-96ee-77c02f055f28",
      "Relationships": [
        {
          "Type": "VALUE",
          "Ids": [
            "28397e71-3e81-4dab-9959-ef83f82f1bd3"
          ]
        },
        {
          "Type": "CHILD",
          "Ids": [
            "0b309e9a-1c56-4934-a804-e999a2092f4d",
            "d8b1a051-d98e-4084-b3e0-5c0acd836312",
            "9b5a18f9-8e6a-485b-9403-66ab0ccceed3"
          ]
        }
      ],
      "EntityTypes": [
        "KEY"
      ]
    },
    {
      "BlockType": "KEY_VALUE_SET",
      "Confidence": 46.5,
      "Geometry": {
        "BoundingBox": {
          "Width": 0.1464385688304901,
          "Height": 0.04290366917848587,
          "Left": 0.5905783772468567,
          "Top": 0.6062292456626892
        },
        "Polygon": [
          {
            "X": 0.5905783772468567,
            "Y": 0.6062589883804321
          },
          {
            "X": 0.7370169758796692,
            "Y": 0.6062292456626892
          },
          {
            "X": 0.737005889415741,
            "Y": 0.6491090059280396
          },
          {
            "X": 0.5905811190605164,
            "Y": 0.6491329073905945
          }
        ]
      },
      "Id": "28397e71-3e81-4dab-9959-ef83f82f1bd3",
      "Relationships": [
        {
          "Type": "CHILD",
          "Ids": [
            "b9f327a2-1358-4b77-a504-7d01e19a83c5",
            "1ac8fa3b-6aa1-4623-abc1-645bfc25aeca"
          ]
        }
      ],
      "EntityTypes": [
        "VALUE"
      ]
    },
    {
      "BlockType": "KEY_VALUE_SET",
      "Confidence": 42,
      "Geometry": {
        "BoundingBox": {
          "Width": 0.03962653875350952,
          "Height": 0.028678979724645615,
          "Left": 0.5044695138931274,
          "Top": 0.5656402707099915
        },
        "Polygon": [
          {
            "X": 0.5044695138931274,
            "Y": 0.5656498074531555
          },
          {
            "X": 0.5440912842750549,
            "Y": 0.5656402707099915
          },
          {
            "X": 0.544096052646637,
            "Y": 0.5943107604980469
          },
          {
            "X": 0.50447678565979,
            "Y": 0.5943192839622498
          }
        ]
      },
      "Id": "319c152c-ed27-479f-a1ee-d334f341a7b9",
      "Relationships": [
        {
          "Type": "VALUE",
          "Ids": [
            "228513af-d799-47cb-a50b-c6c80889620e"
          ]
        },
        {
          "Type": "CHILD",
          "Ids": [
            "78833446-89cf-46ee-961f-1a78fb5e71d0"
          ]
        }
      ],
      "EntityTypes": [
        "KEY"
      ]
    },
    {
      "BlockType": "KEY_VALUE_SET",
      "Confidence": 42,
      "Geometry": {
        "BoundingBox": {
          "Width": 0.024225467815995216,
          "Height": 0.04106568917632103,
          "Left": 0.5042662024497986,
          "Top": 0.6162340641021729
        },
        "Polygon": [
          {
            "X": 0.5042662024497986,
            "Y": 0.6162387728691101
          },
          {
            "X": 0.5284833908081055,
            "Y": 0.6162340641021729
          },
          {
            "X": 0.5284916758537292,
            "Y": 0.6572960019111633
          },
          {
            "X": 0.5042766332626343,
            "Y": 0.6572997570037842
          }
        ]
      },
      "Id": "228513af-d799-47cb-a50b-c6c80889620e",
      "Relationships": [
        {
          "Type": "CHILD",
          "Ids": [
            "363a015a-09e9-464f-a8dc-e4320401446c"
          ]
        }
      ],
      "EntityTypes": [
        "VALUE"
      ]
    },
    {
      "BlockType": "KEY_VALUE_SET",
      "Confidence": 35.5,
      "Geometry": {
        "BoundingBox": {
          "Width": 0.11051778495311737,
          "Height": 0.030558621510863304,
          "Left": 0.48355552554130554,
          "Top": 0.7852950096130371
        },
        "Polygon": [
          {
            "X": 0.48355552554130554,
            "Y": 0.7852990627288818
          },
          {
            "X": 0.5940715670585632,
            "Y": 0.7852950096130371
          },
          {
            "X": 0.5940732955932617,
            "Y": 0.815852701663971
          },
          {
            "X": 0.48356470465660095,
            "Y": 0.8158535957336426
          }
        ]
      },
      "Id": "91f0dc86-412b-4aef-93ff-5bafb651eafa",
      "Relationships": [
        {
          "Type": "VALUE",
          "Ids": [
            "62a5fb7c-5408-4200-af93-09286c92c81e"
          ]
        },
        {
          "Type": "CHILD",
          "Ids": [
            "e567f199-0900-4039-be28-10b8466bc7e7",
            "30d53cf7-9ed2-406d-a1ec-79404785aa54"
          ]
        }
      ],
      "EntityTypes": [
        "KEY"
      ]
    },
    {
      "BlockType": "KEY_VALUE_SET",
      "Confidence": 35.5,
      "Geometry": {
        "BoundingBox": {
          "Width": 0.17855101823806763,
          "Height": 0.04518572986125946,
          "Left": 0.48889195919036865,
          "Top": 0.8187809586524963
        },
        "Polygon": [
          {
            "X": 0.48889195919036865,
            "Y": 0.8187819719314575
          },
          {
            "X": 0.6674429774284363,
            "Y": 0.8187809586524963
          },
          {
            "X": 0.667438268661499,
            "Y": 0.863966703414917
          },
          {
            "X": 0.4889049828052521,
            "Y": 0.8639602661132812
          }
        ]
      },
      "Id": "62a5fb7c-5408-4200-af93-09286c92c81e",
      "Relationships": [
        {
          "Type": "CHILD",
          "Ids": [
            "2b667d37-548a-42a1-9ba0-3663da23a1a2",
            "30e55f7a-4f04-4733-b012-9443ab702e63",
            "03a83003-0089-4fbd-bc5e-e20f856f738c"
          ]
        }
      ],
      "EntityTypes": [
        "VALUE"
      ]
    }
  ],
  "AnalyzeDocumentModelVersion": "1.0",
  "ResponseMetadata": {
    "RequestId": "1ca9a2f6-df57-4252-80c4-6d62d4f2f98c",
    "HTTPStatusCode": 200,
    "HTTPHeaders": {
      "x-amzn-requestid": "1ca9a2f6-df57-4252-80c4-6d62d4f2f98c",
      "content-type": "application/x-amz-json-1.1",
      "content-length": "54364",
      "date": "Wed, 08 Sep 2021 16:09:48 GMT"
    },
    "RetryAttempts": 0
  }
}