{
    "Job": {
        "JobId": "21df778a-68c8-4312-ab57-4bdbf241a77e",
        "Description": "2021-08-17 - Invoke AWS Lambda function",
        "JobArn": "arn:aws:s3:ca-central-1:581361757134:job/21df778a-68c8-4312-ab57-4bdbf241a77e",
        "Status": "Suspended",
        "Manifest": {
            "Spec": {
                "Format": "S3BatchOperations_CSV_20180820",
                "Fields": [
                    "Bucket",
                    "Key"
                ]
            },
            "Location": {
                "ObjectArn": "arn:aws:s3:::riv-simple-sharedstorageimagesinventorybucketab8f-qlx62dgkgypf/input/Full-InventoryReport/2021-08-16T01-00Z.csv",
                "ETag": "4854ce0896d28c3cac1aa663b5821601"
            }
        },
        "Operation": {
            "LambdaInvoke": {
                "FunctionArn": "arn:aws:lambda:ca-central-1:581361757134:function:RivSimple-BulkLoading-BatchHandler"
            }
        },
        "Priority": 10,
        "ProgressSummary": {
            "TotalNumberOfTasks": 4,
            "NumberOfTasksSucceeded": 0,
            "NumberOfTasksFailed": 0
        },
        "FailureReasons": [],
        "Report": {
            "Bucket": "arn:aws:s3:::riv-simple-sharedstorageimagesinventorybucketab8f-qlx62dgkgypf",
            "Format": "Report_CSV_20180820",
            "Enabled": true,
            "ReportScope": "AllTasks"
        },
        "CreationTime": "2021-08-17T21:15:29.624000+00:00",
        "RoleArn": "arn:aws:iam::581361757134:role/RIV-Riv-Prod-BulkLoaderBatchServiceRoleEED69548-TCLICRLXS3R6",
        "SuspendedDate": "2021-08-17T21:15:31.370000+00:00",
        "SuspendedCause": "AwaitingConfirmation"
    }
}
