{
  "Records": [
    {
      "messageId": "19dd0b57-b21e-4ac1-bd88-01bbb068cb78",
      "receiptHandle": "MessageReceiptHandle",
      "body": "{\n  \"BucketArn\": \"arn:aws:s3:::riv-simple-sharedstorageimagesimagebucket7de5900f-sibzosvqtetl\",\n  \"ObjectKey\": \"lemull.jpg\",\n  \"InputRequest\": {\n    \"UserId\": \"lemull\",\n    \"Properties\": {}\n  }\n}",
      "attributes": {
        "ApproximateReceiveCount": "1",
        "SentTimestamp": "1523232000000",
        "SenderId": "123456789012",
        "ApproximateFirstReceiveTimestamp": "1523232000001"
      },
      "messageAttributes": {},
      "md5OfBody": "{{{md5_of_body}}}",
      "eventSource": "aws:sqs",
      "eventSourceARN": "arn:aws:sqs:ca-central-1:123456789012:MyQueue",
      "awsRegion": "ca-central-1"
    }
  ]
}
